date,temp_max,temp_min,temp_mean,humidity_mean,radiation_sum,precipitation_sum,wind_speed_10m_max,et0_fao
2015-01-01,29.2,21.0,24.5,75.0,19.93,0.0,10.3,4.05
2015-01-02,28.2,20.3,24.3,70.0,16.08,0.0,8.2,3.46
2015-01-03,29.6,22.2,25.3,79.0,16.06,0.2,10.1,3.41
2015-01-04,28.9,22.8,25.5,83.0,10.87,0.0,8.1,2.38
2015-01-05,30.2,24.1,26.1,84.0,14.11,1.6,8.0,3.01
2015-01-06,30.6,23.0,25.9,82.0,16.62,1.3,11.2,3.48
2015-01-07,29.8,22.6,25.8,84.0,14.51,0.7,9.6,3.07
2015-01-08,30.3,22.6,26.1,78.0,16.5,0.0,9.1,3.57
2015-01-09,30.4,22.5,25.9,73.0,19.27,0.0,9.5,4.13
2015-01-10,30.2,22.3,25.9,75.0,18.22,0.0,9.5,3.84
2015-01-11,29.7,22.1,25.7,78.0,18.54,0.0,11.1,3.9
2015-01-12,31.2,22.3,26.1,74.0,21.07,0.0,14.6,4.48
2015-01-13,31.0,22.4,25.9,74.0,20.26,0.0,12.6,4.39
2015-01-14,30.4,21.6,25.4,75.0,18.87,0.0,13.8,4.03
2015-01-15,29.7,20.7,24.4,70.0,22.09,0.0,13.3,4.52
2015-01-16,29.5,18.6,23.9,71.0,22.17,0.0,13.1,4.54
2015-01-17,30.1,19.4,24.5,71.0,21.54,0.0,12.3,4.42
2015-01-18,29.9,22.0,25.1,70.0,19.74,0.0,14.3,4.16
2015-01-19,29.3,20.4,24.6,71.0,18.28,0.0,11.7,3.94
2015-01-20,30.4,20.8,25.3,68.0,20.79,0.0,11.5,4.36
2015-01-21,30.9,20.1,25.0,72.0,21.9,0.0,17.4,4.67
2015-01-22,30.6,20.0,25.0,73.0,19.66,0.0,15.5,4.3
2015-01-23,30.6,20.2,24.6,70.0,21.39,0.0,18.7,4.69
2015-01-24,30.2,19.4,24.2,69.0,22.05,0.0,15.0,4.78
2015-01-25,31.3,19.6,24.7,69.0,22.06,0.0,15.9,4.9
2015-01-26,31.6,19.6,24.9,69.0,21.62,0.0,15.6,4.85
2015-01-27,31.5,20.1,25.3,66.0,21.86,0.0,15.1,4.92
2015-01-28,31.6,20.7,25.2,71.0,20.69,0.0,14.6,4.66
2015-01-29,31.9,20.5,25.2,71.0,20.45,0.0,17.9,4.69
2015-01-30,32.0,20.2,25.2,70.0,21.93,0.0,17.8,4.94
2015-01-31,30.8,21.1,25.2,65.0,23.16,0.0,14.5,5.07
2015-02-01,31.0,20.3,25.6,60.0,22.32,0.0,13.2,5.17
2015-02-02,32.1,19.4,25.9,59.0,22.89,0.0,10.6,5.3
2015-02-03,32.0,21.9,26.4,64.0,20.83,0.0,15.4,4.84
2015-02-04,32.1,22.6,26.4,63.0,22.0,0.0,16.3,4.89
2015-02-05,32.1,21.3,26.1,60.0,23.09,0.0,14.7,5.18
2015-02-06,31.2,20.9,25.3,59.0,23.96,0.0,11.8,5.11
2015-02-07,30.9,19.7,24.8,65.0,22.89,0.0,14.3,4.98
2015-02-08,31.2,20.1,25.0,63.0,23.62,0.0,15.7,5.39
2015-02-09,30.7,20.3,24.7,62.0,22.4,0.0,16.1,5.04
2015-02-10,30.1,21.0,24.8,64.0,22.93,0.0,16.0,4.95
2015-02-11,30.8,19.5,24.4,66.0,21.24,0.0,16.6,4.82
2015-02-12,31.6,19.7,24.8,67.0,23.91,0.0,17.9,5.34
2015-02-13,30.9,20.0,24.6,67.0,20.01,0.0,18.0,4.64
2015-02-14,30.4,20.7,24.7,67.0,20.38,0.0,15.5,4.85
2015-02-15,31.2,20.9,25.0,68.0,22.64,0.0,16.3,5.29
2015-02-16,31.9,21.5,25.5,69.0,21.23,0.0,16.3,5.06
2015-02-17,32.0,21.1,25.9,66.0,23.16,0.0,14.3,5.43
2015-02-18,34.0,22.8,27.4,66.0,22.48,0.0,15.1,5.5
2015-02-19,32.2,23.5,27.1,70.0,19.95,1.3,12.7,4.58
2015-02-20,33.1,23.7,27.2,66.0,20.83,0.0,15.5,5.18
2015-02-21,32.3,23.9,26.8,68.0,20.22,0.0,18.8,5.08
2015-02-22,32.8,23.4,27.1,68.0,20.31,0.0,12.0,4.92
2015-02-23,32.2,23.7,26.9,70.0,17.95,0.0,14.9,4.44
2015-02-24,31.5,23.7,26.8,72.0,16.72,0.0,11.3,4.09
2015-02-25,30.7,23.3,26.4,73.0,17.05,0.0,14.5,4.18
2015-02-26,32.6,22.5,26.7,73.0,23.91,0.0,15.8,5.41
2015-02-27,33.5,23.6,27.7,72.0,20.6,0.1,15.7,5.09
2015-02-28,33.0,24.7,28.1,70.0,19.68,0.2,13.9,4.98
2015-03-01,34.5,23.4,28.1,67.0,23.09,0.0,16.1,5.77
2015-03-02,33.4,22.5,27.5,66.0,23.65,0.0,14.6,5.64
2015-03-03,32.4,23.7,27.5,69.0,21.96,0.0,13.5,5.13
2015-03-04,31.9,24.5,27.3,74.0,19.62,0.5,11.6,4.58
2015-03-05,32.9,23.5,27.5,70.0,24.51,0.0,16.7,5.76
2015-03-06,33.8,23.8,27.9,70.0,24.19,0.0,18.3,5.87
2015-03-07,33.9,24.3,27.9,68.0,21.66,0.0,16.9,5.5
2015-03-08,34.1,24.2,28.2,63.0,23.31,0.0,16.5,6.13
2015-03-09,34.7,24.5,28.5,64.0,23.49,0.0,17.4,6.14
2015-03-10,33.9,23.7,27.9,60.0,24.18,0.0,17.8,6.4
2015-03-11,33.7,23.1,27.7,58.0,26.21,0.0,17.7,6.57
2015-03-12,34.5,23.2,27.9,59.0,24.77,0.0,18.7,6.47
2015-03-13,34.0,24.4,28.1,65.0,22.61,0.0,19.9,6.07
2015-03-14,33.5,24.7,28.1,68.0,21.95,0.0,16.1,5.67
2015-03-15,32.5,24.7,27.7,70.0,20.05,0.0,15.3,5.09
2015-03-16,32.5,23.8,27.4,70.0,21.9,0.0,12.7,5.23
2015-03-17,32.7,23.3,27.2,69.0,22.68,0.0,15.3,5.52
2015-03-18,33.0,22.4,27.0,68.0,24.55,0.0,16.2,5.88
2015-03-19,34.0,23.4,27.8,70.0,23.36,0.0,16.8,5.58
2015-03-20,31.3,25.0,27.4,69.0,16.11,0.3,15.9,4.32
2015-03-21,34.0,24.3,28.1,58.0,23.73,0.0,19.8,6.21
2015-03-22,33.8,24.3,28.1,65.0,23.07,0.0,18.4,5.9
2015-03-23,33.8,24.8,28.3,65.0,21.8,0.0,16.3,5.69
2015-03-24,35.0,24.8,28.9,62.0,23.27,0.0,16.0,6.13
2015-03-25,35.7,25.1,29.5,56.0,25.07,0.0,18.4,7.04
2015-03-26,35.5,24.6,29.8,56.0,23.16,0.0,17.4,6.63
2015-03-27,35.3,25.5,29.9,56.0,22.67,0.0,16.3,6.64
2015-03-28,35.1,25.5,29.7,55.0,22.97,0.0,15.6,6.61
2015-03-29,35.8,25.8,29.9,58.0,24.37,0.0,17.8,6.8
2015-03-30,35.6,25.8,29.7,58.0,24.76,0.0,15.9,6.53
2015-03-31,35.2,25.7,29.1,64.0,23.34,0.0,15.5,6.17
2015-04-01,34.8,25.0,29.0,70.0,23.38,0.0,15.2,5.79
2015-04-02,34.6,25.3,29.3,71.0,22.55,0.2,9.8,5.3
2015-04-03,34.8,25.6,29.2,74.0,20.48,0.6,12.7,4.93
2015-04-04,34.4,26.1,29.4,69.0,24.06,0.0,16.6,5.99
2015-04-05,33.2,25.7,29.1,69.0,21.94,0.0,12.3,5.35
2015-04-06,35.1,25.1,29.2,68.0,23.24,0.0,14.7,5.72
2015-04-07,35.1,25.3,29.5,67.0,24.46,0.0,15.8,6.12
2015-04-08,35.7,24.5,29.3,62.0,26.92,0.0,17.7,7.03
2015-04-09,35.7,25.2,29.8,59.0,25.19,0.0,16.7,6.42
2015-04-10,34.7,25.4,29.6,65.0,23.54,0.0,15.5,6.03
2015-04-11,34.2,26.2,29.4,65.0,22.09,0.0,13.8,5.57
2015-04-12,34.4,25.4,28.3,75.0,21.48,12.4,13.1,4.76
2015-04-13,31.9,24.0,26.6,85.0,18.24,27.4,13.6,3.83
2015-04-14,32.1,24.9,27.7,77.0,21.63,1.3,11.4,4.77
2015-04-15,33.1,24.2,28.0,60.0,25.46,0.0,13.6,6.09
2015-04-16,32.4,24.6,28.1,67.0,24.24,0.0,12.9,5.75
2015-04-17,32.9,25.0,28.4,73.0,24.69,0.0,14.2,5.68
2015-04-18,33.4,25.2,28.4,74.0,24.64,0.0,11.9,5.62
2015-04-19,33.4,24.6,28.7,75.0,23.67,0.0,13.0,5.47
2015-04-20,34.2,25.4,29.0,77.0,24.24,0.7,12.4,5.45
2015-04-21,34.8,25.8,30.0,73.0,24.45,0.1,9.2,5.5
2015-04-22,34.1,27.0,29.7,71.0,23.04,0.0,16.6,5.79
2015-04-23,35.2,25.2,29.4,70.0,23.71,1.2,12.3,5.48
2015-04-24,34.9,24.7,29.0,72.0,22.49,0.7,12.1,5.16
2015-04-25,33.8,25.0,28.8,74.0,22.83,3.0,9.3,5.01
2015-04-26,33.8,25.5,29.2,72.0,22.91,0.7,10.0,5.21
2015-04-27,33.7,26.0,29.4,69.0,22.72,2.1,10.5,5.26
2015-04-28,33.7,26.2,29.0,73.0,20.57,0.8,11.9,4.83
2015-04-29,33.4,25.9,29.2,72.0,22.8,0.5,13.2,5.25
2015-04-30,34.5,25.6,29.5,71.0,23.92,0.2,13.8,5.53
2015-05-01,34.7,26.1,29.5,72.0,24.17,1.4,14.0,5.5
2015-05-02,33.9,26.6,29.4,72.0,21.41,0.9,13.4,5.01
2015-05-03,34.6,26.2,28.9,76.0,20.75,3.4,12.9,4.75
2015-05-04,33.8,25.2,29.3,75.0,23.07,1.3,10.2,5.17
2015-05-05,33.7,26.9,29.9,72.0,21.64,1.1,10.1,5.07
2015-05-06,35.2,26.3,30.2,72.0,22.87,0.8,8.8,5.27
2015-05-07,34.3,27.4,29.8,75.0,20.57,3.8,11.0,4.75
2015-05-08,34.0,26.6,29.8,76.0,21.6,0.8,8.8,4.9
2015-05-09,34.1,26.1,28.8,78.0,20.47,6.9,11.2,4.57
2015-05-10,34.2,26.3,29.6,74.0,23.04,0.3,13.8,5.31
2015-05-11,33.9,26.4,29.3,76.0,20.12,2.3,10.9,4.58
2015-05-12,33.5,26.5,28.7,81.0,18.63,8.4,10.5,4.08
2015-05-13,33.2,25.8,29.1,75.0,22.06,0.1,15.0,5.13
2015-05-14,33.1,24.6,29.0,74.0,22.27,0.0,11.5,5.15
2015-05-15,34.3,26.5,29.8,72.0,24.06,0.6,11.0,5.49
2015-05-16,34.6,26.4,29.9,72.0,23.06,0.5,9.1,5.22
2015-05-17,34.2,26.2,29.3,77.0,20.53,3.0,9.7,4.65
2015-05-18,34.6,27.0,29.7,73.0,19.37,0.6,14.5,4.73
2015-05-19,35.4,27.1,30.7,70.0,23.2,0.0,15.6,5.75
2015-05-20,35.0,26.7,28.9,78.0,17.91,5.9,10.8,4.12
2015-05-21,35.5,26.0,29.5,77.0,23.54,3.5,13.5,5.31
2015-05-22,33.2,26.8,28.9,83.0,19.8,23.1,11.2,4.34
2015-05-23,33.9,25.9,28.7,80.0,19.93,6.2,16.5,4.48
2015-05-24,33.7,25.7,29.2,73.0,22.33,0.0,12.8,5.1
2015-05-25,33.1,26.1,28.8,77.0,21.27,3.1,15.8,4.84
2015-05-26,31.7,25.4,28.1,79.0,19.92,4.1,16.6,4.43
2015-05-27,33.3,25.4,28.7,76.0,22.0,0.3,14.2,5.0
2015-05-28,33.2,25.5,28.8,76.0,22.41,1.5,11.8,5.08
2015-05-29,32.7,25.9,28.4,80.0,18.57,2.4,15.2,4.21
2015-05-30,31.0,25.7,28.0,82.0,16.49,10.1,12.3,3.63
2015-05-31,33.5,25.0,28.5,81.0,22.94,5.8,13.5,4.97
2015-06-01,33.9,25.5,28.9,79.0,23.71,3.0,11.8,5.23
2015-06-02,32.7,26.0,28.7,79.0,19.69,2.0,10.8,4.38
2015-06-03,32.9,25.4,28.6,78.0,22.42,0.7,13.0,4.89
2015-06-04,32.9,25.1,29.0,77.0,22.15,0.1,10.9,4.97
2015-06-05,34.0,26.2,29.5,76.0,23.14,1.4,8.2,5.08
2015-06-06,32.7,25.7,28.6,81.0,21.37,9.8,9.6,4.58
2015-06-07,32.5,25.3,28.5,80.0,21.08,1.5,12.5,4.57
2015-06-08,33.5,25.2,29.0,76.0,23.76,0.8,11.5,5.2
2015-06-09,34.1,25.8,29.4,75.0,23.51,0.4,7.8,5.24
2015-06-10,34.3,26.0,29.4,76.0,22.14,2.5,11.6,5.04
2015-06-11,34.5,26.1,29.6,76.0,23.46,0.6,14.1,5.33
2015-06-12,33.0,26.0,28.9,79.0,18.76,10.2,8.6,4.17
2015-06-13,33.0,25.5,28.1,84.0,20.62,13.0,8.7,4.37
2015-06-14,31.7,25.0,27.2,86.0,18.72,20.6,10.3,3.94
2015-06-15,31.3,25.1,27.0,86.0,17.46,15.0,13.8,3.69
2015-06-16,29.0,25.0,26.0,91.0,10.23,20.0,10.1,2.19
2015-06-17,29.8,24.8,26.1,89.0,13.62,16.6,13.2,2.8
2015-06-18,29.9,24.2,26.4,83.0,11.27,1.6,18.0,2.78
2015-06-19,31.1,24.2,26.9,84.0,16.33,6.7,14.4,3.51
2015-06-20,28.7,25.2,26.5,87.0,10.86,3.1,20.5,2.49
2015-06-21,30.3,25.0,26.1,90.0,11.88,24.7,20.7,2.51
2015-06-22,30.3,24.9,26.4,90.0,14.08,12.8,20.6,2.93
2015-06-23,30.2,25.2,26.6,89.0,13.64,6.0,19.2,2.89
2015-06-24,28.8,25.0,26.1,90.0,11.72,5.3,18.6,2.43
2015-06-25,31.0,24.6,26.4,90.0,15.58,4.9,18.3,3.09
2015-06-26,30.9,24.7,26.3,89.0,13.12,7.8,12.8,2.79
2015-06-27,32.0,24.6,27.4,85.0,22.93,1.6,14.1,4.7
2015-06-28,31.3,24.5,27.7,82.0,21.34,0.9,11.4,4.57
2015-06-29,31.8,25.6,28.2,80.0,21.47,0.4,15.9,4.67
2015-06-30,31.5,25.3,27.7,83.0,17.45,7.1,16.2,3.84
2015-07-01,32.0,25.3,27.8,83.0,19.93,7.3,18.0,4.34
2015-07-02,31.9,26.1,28.0,81.0,20.29,4.6,19.6,4.52
2015-07-03,31.7,25.9,28.0,81.0,19.91,4.0,19.5,4.56
2015-07-04,32.5,26.1,28.2,80.0,21.36,5.0,19.5,4.76
2015-07-05,32.5,26.4,28.3,79.0,20.96,5.7,18.8,4.75
2015-07-06,31.0,25.4,27.1,86.0,15.42,25.0,19.4,3.45
2015-07-07,31.0,25.1,27.0,87.0,16.11,11.6,19.0,3.44
2015-07-08,30.9,25.7,27.3,85.0,13.39,2.6,18.9,3.11
2015-07-09,29.7,25.4,26.4,92.0,9.28,9.9,14.8,2.05
2015-07-10,31.8,24.8,27.6,82.0,16.66,1.1,22.7,3.85
2015-07-11,30.5,25.8,27.3,83.0,18.15,12.4,19.5,3.95
2015-07-12,30.0,25.6,27.1,84.0,15.47,6.7,18.1,3.44
2015-07-13,29.7,25.2,26.5,87.0,12.56,7.1,17.7,2.74
2015-07-14,30.3,24.6,26.3,88.0,14.73,14.7,17.2,3.09
2015-07-15,31.1,24.6,26.6,87.0,16.71,10.3,18.1,3.48
2015-07-16,31.4,24.9,27.3,85.0,19.22,4.3,13.5,4.02
2015-07-17,31.5,24.9,27.3,86.0,18.41,4.8,16.9,3.85
2015-07-18,30.5,25.3,27.1,86.0,14.41,2.6,17.1,3.1
2015-07-19,29.7,24.8,26.3,93.0,11.74,12.3,13.8,2.36
2015-07-20,30.1,24.5,26.7,87.0,12.7,2.5,11.9,2.83
2015-07-21,28.8,24.9,26.3,89.0,14.03,9.8,15.5,2.82
2015-07-22,31.8,23.5,27.7,82.0,23.17,0.0,6.1,4.81
2015-07-23,31.8,25.1,27.8,83.0,20.43,0.5,10.3,4.32
2015-07-24,32.2,24.8,28.2,82.0,24.37,1.7,8.6,5.08
2015-07-25,32.1,25.4,27.8,84.0,22.87,3.8,11.7,4.78
2015-07-26,31.3,25.2,27.8,80.0,21.85,0.0,10.7,4.66
2015-07-27,30.9,24.5,27.2,83.0,18.09,3.0,7.6,3.82
2015-07-28,30.7,24.7,27.2,87.0,18.04,5.4,8.1,3.7
2015-07-29,29.9,24.9,26.9,87.0,14.8,4.9,9.7,3.08
2015-07-30,30.7,24.3,26.9,88.0,18.95,5.4,5.8,3.88
2015-07-31,31.0,23.9,26.9,85.0,22.2,16.3,10.2,4.52
2015-08-01,31.3,24.6,27.1,84.0,22.96,11.9,7.6,4.72
2015-08-02,30.5,23.7,26.3,88.0,19.36,15.0,8.2,3.95
2015-08-03,31.0,24.5,26.8,87.0,17.99,15.9,12.5,3.73
2015-08-04,30.3,24.7,26.7,88.0,18.17,15.2,14.3,3.65
2015-08-05,27.9,24.5,25.4,93.0,7.98,22.3,11.4,1.68
2015-08-06,30.5,24.3,26.6,84.0,19.31,4.8,17.0,4.03
2015-08-07,31.0,24.5,26.5,89.0,18.84,16.0,14.1,3.8
2015-08-08,29.3,24.7,26.1,90.0,13.99,15.8,16.5,2.86
2015-08-09,29.7,24.4,26.3,90.0,14.74,7.1,12.6,3.03
2015-08-10,29.4,24.5,25.9,92.0,11.31,17.7,13.2,2.3
2015-08-11,30.4,24.7,26.6,90.0,16.5,11.0,14.6,3.31
2015-08-12,31.4,24.4,27.0,87.0,18.93,5.8,11.4,3.91
2015-08-13,31.3,24.1,27.0,86.0,18.95,8.7,11.2,3.93
2015-08-14,31.5,24.4,27.3,85.0,19.79,2.2,12.0,4.15
2015-08-15,31.4,24.7,27.6,85.0,21.2,2.9,9.8,4.35
2015-08-16,32.0,24.4,27.9,82.0,24.26,0.7,10.2,5.1
2015-08-17,31.9,25.6,27.6,85.0,18.46,6.6,11.5,3.92
2015-08-18,32.2,24.9,27.8,84.0,23.2,4.4,11.5,4.84
2015-08-19,32.1,25.1,27.6,85.0,20.91,13.2,12.2,4.4
2015-08-20,31.6,25.2,27.2,86.0,16.96,4.6,13.7,3.63
2015-08-21,32.1,24.6,27.3,84.0,20.79,7.5,21.3,4.38
2015-08-22,31.1,25.1,27.5,82.0,18.06,3.0,19.1,3.95
2015-08-23,32.0,25.2,27.5,81.0,21.71,10.0,18.1,4.75
2015-08-24,32.0,25.0,27.1,85.0,19.79,15.8,14.0,4.23
2015-08-25,30.2,24.8,26.3,90.0,13.12,19.9,14.6,2.79
2015-08-26,29.1,24.5,26.1,88.0,14.04,6.2,17.4,2.88
2015-08-27,31.1,24.2,27.0,81.0,19.19,0.7,10.6,4.11
2015-08-28,31.6,24.4,27.8,80.0,22.54,0.0,11.7,4.78
2015-08-29,31.9,24.9,27.7,83.0,21.83,4.8,13.5,4.54
2015-08-30,32.4,24.9,27.7,84.0,22.69,6.3,15.8,4.74
2015-08-31,31.8,24.9,27.4,84.0,20.75,8.7,12.7,4.34
2015-09-01,31.2,24.9,26.8,87.0,18.87,8.0,17.0,3.87
2015-09-02,31.3,24.4,27.1,85.0,21.18,5.3,12.2,4.37
2015-09-03,32.0,24.6,27.6,84.0,21.52,2.7,8.9,4.47
2015-09-04,32.1,24.9,27.6,84.0,21.55,2.2,12.8,4.48
2015-09-05,31.9,24.0,27.6,82.0,23.25,1.2,9.6,4.86
2015-09-06,31.9,24.6,28.0,82.0,22.78,1.7,14.5,4.78
2015-09-07,32.0,25.1,28.3,80.0,22.8,1.4,14.0,4.89
2015-09-08,30.1,25.2,27.0,88.0,15.51,11.7,10.7,3.22
2015-09-09,29.0,24.4,25.9,91.0,10.89,26.7,12.2,2.31
2015-09-10,28.0,24.1,25.6,89.0,11.89,11.7,16.5,2.47
2015-09-11,29.7,23.6,26.2,86.0,15.0,3.6,12.6,3.16
2015-09-12,31.0,24.2,26.6,87.0,17.68,22.7,13.2,3.68
2015-09-13,29.5,24.7,26.3,89.0,15.15,9.7,12.7,3.12
2015-09-14,29.7,24.3,26.0,90.0,12.44,17.8,14.8,2.64
2015-09-15,29.0,24.1,25.8,90.0,12.66,13.3,11.9,2.65
2015-09-16,27.9,23.9,25.2,92.0,9.01,10.1,17.1,1.91
2015-09-17,27.2,24.2,25.3,93.0,9.2,10.7,15.2,1.9
2015-09-18,31.2,24.2,26.7,88.0,20.47,14.4,6.9,4.22
2015-09-19,32.4,24.0,27.3,85.0,23.8,2.7,11.6,4.9
2015-09-20,32.3,24.7,27.9,86.0,23.16,3.1,6.6,4.81
2015-09-21,30.3,24.2,26.9,86.0,15.61,8.8,11.1,3.29
2015-09-22,31.0,24.2,26.8,87.0,18.45,9.0,12.0,3.79
2015-09-23,31.2,24.6,27.0,87.0,19.13,5.0,14.1,3.9
2015-09-24,31.8,24.4,27.5,82.0,20.65,2.0,14.4,4.35
2015-09-25,30.8,24.7,27.2,83.0,18.67,8.1,17.6,3.93
2015-09-26,30.6,25.0,26.8,85.0,16.42,11.7,16.0,3.4
2015-09-27,30.9,24.7,26.6,88.0,17.55,17.5,9.2,3.56
2015-09-28,31.0,24.3,26.4,88.0,16.62,10.1,9.7,3.44
2015-09-29,31.0,24.5,27.0,86.0,18.68,4.2,10.2,3.87
2015-09-30,31.6,24.5,27.0,87.0,20.58,2.9,11.0,4.2
2015-10-01,32.2,24.7,27.5,85.0,20.46,2.6,9.7,4.24
2015-10-02,31.1,24.9,27.4,84.0,19.89,3.4,13.1,4.17
2015-10-03,29.7,24.8,26.1,90.0,12.16,27.8,14.2,2.52
2015-10-04,30.5,24.5,26.4,87.0,16.32,8.1,13.7,3.38
2015-10-05,29.9,24.6,26.5,86.0,12.58,0.7,9.4,2.75
2015-10-06,31.5,23.9,27.1,85.0,22.41,6.3,9.3,4.6
2015-10-07,31.1,24.2,26.7,88.0,18.29,13.6,7.7,3.78
2015-10-08,31.4,24.0,27.0,86.0,21.06,8.3,6.9,4.33
2015-10-09,31.2,24.2,26.6,88.0,19.53,13.6,11.6,4.03
2015-10-10,30.6,24.5,26.7,87.0,19.48,9.1,9.5,3.98
2015-10-11,31.3,24.3,27.0,87.0,20.19,9.4,6.5,4.14
2015-10-12,29.8,24.3,26.2,89.0,14.47,11.5,9.4,2.99
2015-10-13,30.2,23.8,26.0,89.0,17.35,3.8,11.9,3.54
2015-10-14,30.9,23.7,26.8,85.0,19.37,2.7,6.6,3.97
2015-10-15,29.4,24.1,26.0,89.0,14.63,24.9,10.2,2.97
2015-10-16,30.6,23.9,26.3,90.0,15.78,13.6,10.1,3.27
2015-10-17,30.7,24.3,27.1,84.0,19.67,1.7,8.2,4.08
2015-10-18,30.9,24.5,26.4,88.0,17.12,6.4,10.0,3.5
2015-10-19,30.3,24.4,26.6,89.0,15.48,6.0,9.4,3.23
2015-10-20,30.2,24.3,26.4,90.0,14.95,14.0,9.1,3.09
2015-10-21,29.9,24.3,26.3,91.0,14.19,10.7,7.4,2.93
2015-10-22,31.0,24.0,26.7,87.0,19.08,2.0,10.2,3.94
2015-10-23,29.8,24.4,26.1,88.0,14.77,5.4,8.0,3.02
2015-10-24,31.0,23.9,26.8,85.0,21.07,1.3,7.9,4.31
2015-10-25,31.0,24.0,27.3,80.0,19.24,0.6,12.1,4.19
2015-10-26,31.2,25.1,27.3,81.0,18.87,3.5,9.4,4.05
2015-10-27,31.8,23.9,27.3,85.0,21.44,2.5,8.6,4.39
2015-10-28,31.6,24.5,27.3,87.0,19.55,1.5,9.4,4.03
2015-10-29,31.7,23.5,27.7,81.0,20.89,0.2,8.9,4.37
2015-10-30,32.0,24.1,27.9,80.0,21.7,0.0,8.7,4.67
2015-10-31,31.5,24.4,27.6,82.0,21.39,0.7,10.3,4.48
2015-11-01,31.1,24.5,26.8,88.0,17.11,8.9,8.4,3.5
2015-11-02,30.7,24.2,26.5,88.0,18.0,12.9,9.4,3.68
2015-11-03,30.7,24.1,26.6,87.0,17.73,17.5,7.8,3.64
2015-11-04,30.3,24.1,26.3,87.0,16.17,13.9,10.3,3.35
2015-11-05,28.1,24.0,25.4,92.0,9.54,16.5,10.2,2.03
2015-11-06,29.5,24.3,25.8,91.0,13.29,15.2,13.5,2.65
2015-11-07,30.9,24.0,26.7,88.0,18.29,6.1,7.6,3.72
2015-11-08,30.1,24.3,26.3,89.0,14.0,10.3,12.2,2.91
2015-11-09,31.1,23.7,26.6,85.0,18.18,1.4,10.1,3.77
2015-11-10,31.3,23.3,26.6,86.0,18.58,2.4,9.4,3.77
2015-11-11,30.9,24.2,26.7,88.0,17.77,4.7,8.4,3.58
2015-11-12,31.0,24.2,26.8,86.0,19.22,3.8,11.8,3.92
2015-11-13,30.5,23.9,26.9,85.0,18.33,1.0,15.3,3.82
2015-11-14,31.1,24.5,27.5,83.0,19.75,0.4,11.4,4.1
2015-11-15,31.2,23.8,27.0,84.0,18.84,0.1,10.1,3.9
2015-11-16,30.9,23.5,27.2,83.0,18.78,0.4,6.5,3.9
2015-11-17,31.3,24.1,27.3,82.0,19.68,0.0,8.9,4.15
2015-11-18,31.0,23.5,27.2,83.0,18.35,0.0,12.1,3.88
2015-11-19,31.4,24.1,27.5,81.0,19.37,0.2,8.4,4.01
2015-11-20,31.6,23.6,27.5,80.0,20.13,0.0,10.2,4.35
2015-11-21,31.5,24.6,27.0,80.0,17.45,1.1,9.4,3.81
2015-11-22,30.1,24.7,26.6,85.0,12.86,1.4,6.9,2.78
2015-11-23,31.0,24.4,27.4,83.0,19.45,1.0,5.5,3.99
2015-11-24,31.2,24.3,27.4,84.0,18.76,0.8,7.9,3.91
2015-11-25,31.1,24.7,27.3,85.0,18.99,4.9,7.9,3.9
2015-11-26,30.7,24.5,27.3,83.0,18.75,0.0,6.0,3.88
2015-11-27,31.3,23.2,27.2,78.0,18.91,0.0,10.0,3.97
2015-11-28,31.0,24.1,27.2,80.0,16.21,1.0,11.2,3.59
2015-11-29,31.5,24.4,27.5,82.0,18.34,2.8,8.8,3.83
2015-11-30,31.1,24.3,27.2,87.0,17.47,6.6,8.0,3.63
2015-12-01,31.8,24.1,27.3,85.0,18.64,1.5,7.4,3.86
2015-12-02,31.4,23.5,27.0,83.0,19.08,0.7,10.5,3.98
2015-12-03,31.4,24.1,27.3,84.0,18.09,4.0,8.9,3.77
2015-12-04,31.6,23.8,27.4,78.0,19.35,0.0,13.7,4.25
2015-12-05,31.0,23.2,26.9,79.0,18.91,2.8,7.9,4.01
2015-12-06,31.7,24.6,27.5,82.0,19.2,0.6,5.8,3.98
2015-12-07,31.0,23.7,26.7,85.0,16.22,7.1,10.0,3.35
2015-12-08,31.1,23.9,27.3,83.0,18.75,0.3,9.1,3.83
2015-12-09,31.3,24.5,27.5,83.0,17.7,0.6,8.7,3.73
2015-12-10,31.3,25.1,27.3,84.0,17.72,1.8,8.7,3.72
2015-12-11,31.0,25.0,27.4,84.0,16.6,0.5,7.4,3.48
2015-12-12,30.6,24.9,27.0,86.0,16.83,4.9,8.6,3.47
2015-12-13,31.0,23.2,27.2,81.0,17.87,0.5,9.2,3.77
2015-12-14,31.4,23.4,27.2,79.0,18.66,0.1,12.0,4.03
2015-12-15,32.0,23.3,27.4,77.0,19.73,0.0,11.8,4.2
2015-12-16,31.0,23.3,27.0,78.0,19.15,0.0,12.0,4.08
2015-12-17,30.5,23.1,26.5,71.0,19.32,0.0,10.1,4.15
2015-12-18,30.4,20.8,25.4,66.0,20.57,0.0,10.1,4.46
2015-12-19,30.8,21.8,25.9,69.0,16.67,0.0,9.2,3.89
2015-12-20,26.8,23.0,24.7,80.0,7.08,13.9,10.8,1.91
2015-12-21,27.7,22.3,24.4,90.0,6.63,9.1,8.7,1.43
2015-12-22,28.4,24.1,25.7,87.0,9.73,2.7,18.6,2.24
2015-12-23,31.1,24.9,27.2,76.0,19.09,0.0,18.4,4.41
2015-12-24,31.2,23.7,26.9,76.0,20.22,0.0,13.6,4.54
2015-12-25,31.2,22.7,26.5,75.0,20.06,0.0,11.4,4.35
2015-12-26,30.9,23.0,26.5,75.0,18.1,0.0,10.2,3.98
2015-12-27,32.1,22.4,26.7,71.0,20.88,0.0,12.2,4.75
2015-12-28,31.6,20.2,26.1,68.0,21.37,0.0,11.3,4.68
2015-12-29,31.1,21.9,26.0,71.0,21.2,0.0,10.4,4.46
2015-12-30,31.3,20.9,26.0,70.0,21.49,0.0,9.6,4.55
2015-12-31,31.3,21.5,26.3,73.0,19.23,0.0,12.9,4.17
2016-01-01,31.4,21.6,26.2,68.0,21.27,0.0,9.8,4.57
2016-01-02,31.8,22.0,26.7,75.0,17.78,0.0,8.4,3.93
2016-01-03,31.1,23.5,27.3,79.0,16.36,0.9,11.0,3.61
2016-01-04,31.8,24.1,27.6,72.0,15.67,0.0,11.0,3.91
2016-01-05,32.4,23.9,27.6,72.0,17.99,0.0,10.9,4.22
2016-01-06,32.4,24.4,27.5,72.0,17.64,0.0,12.1,4.22
2016-01-07,32.2,23.1,27.3,73.0,19.08,0.0,13.1,4.41
2016-01-08,31.3,23.4,27.0,72.0,16.4,0.2,12.4,3.95
2016-01-09,32.0,22.8,27.2,70.0,18.6,0.0,12.1,4.46
2016-01-10,32.5,23.6,27.5,68.0,18.92,0.0,11.3,4.59
2016-01-11,32.2,22.8,27.3,69.0,17.55,0.0,9.2,3.92
2016-01-12,32.8,23.4,27.3,74.0,17.77,0.0,14.2,4.26
2016-01-13,33.6,22.5,27.5,70.0,20.02,0.0,16.4,4.95
2016-01-14,33.5,24.1,28.3,68.0,19.54,0.0,11.3,4.86
2016-01-15,32.5,24.9,28.1,70.0,18.36,0.1,12.2,4.61
2016-01-16,33.2,24.3,28.0,73.0,19.45,0.0,12.3,4.65
2016-01-17,32.4,24.1,27.6,76.0,17.56,0.0,11.7,4.09
2016-01-18,32.8,23.7,27.6,76.0,18.1,0.0,14.2,4.22
2016-01-19,33.3,25.1,28.3,70.0,19.29,0.0,17.1,5.04
2016-01-20,34.5,24.7,28.5,69.0,21.53,0.0,16.6,5.41
2016-01-21,34.4,24.2,28.1,63.0,21.63,0.0,15.3,5.54
2016-01-22,34.3,23.1,28.1,64.0,21.86,0.0,12.8,5.37
2016-01-23,34.4,23.9,28.5,67.0,21.25,0.0,15.9,5.26
2016-01-24,33.4,24.9,28.5,63.0,18.75,0.0,17.0,4.61
2016-01-25,31.2,22.3,26.6,50.0,19.34,0.0,15.6,5.02
2016-01-26,31.3,21.2,26.1,59.0,17.55,0.0,11.0,4.28
2016-01-27,33.4,24.2,28.2,61.0,18.75,0.0,17.6,5.01
2016-01-28,33.5,25.0,28.6,63.0,19.89,0.0,15.2,5.29
2016-01-29,33.8,24.6,28.2,70.0,19.03,0.2,12.8,4.61
2016-01-30,33.9,24.4,28.5,65.0,19.99,0.0,15.0,5.22
2016-01-31,33.9,25.2,28.8,60.0,20.49,0.0,13.1,5.27
2016-02-01,33.8,24.3,28.5,66.0,19.46,0.0,14.1,4.77
2016-02-02,33.5,24.1,28.3,67.0,20.21,0.0,11.3,4.63
2016-02-03,33.5,24.2,28.5,62.0,19.25,0.0,11.4,4.63
2016-02-04,33.5,25.8,28.7,62.0,17.15,0.0,11.6,4.06
2016-02-05,34.3,25.1,29.0,63.0,20.33,0.0,15.1,4.92
2016-02-06,32.2,23.9,27.5,67.0,19.29,0.1,13.4,4.39
2016-02-07,31.2,21.1,25.5,54.0,23.58,0.0,14.1,5.49
2016-02-08,29.7,18.9,24.2,60.0,23.81,0.0,8.0,4.88
2016-02-09,31.2,20.0,25.5,69.0,21.76,0.0,11.3,4.68
2016-02-10,33.6,21.7,26.9,69.0,22.85,0.0,13.2,5.16
2016-02-11,33.4,23.0,27.4,66.0,18.55,0.0,13.5,4.54
2016-02-12,34.0,23.6,27.9,68.0,23.34,0.0,14.8,5.75
2016-02-13,33.7,24.4,28.1,71.0,20.76,0.2,14.3,4.98
2016-02-14,33.9,24.7,28.1,72.0,22.02,0.0,14.8,5.32
2016-02-15,32.4,23.9,27.4,71.0,18.54,0.0,13.9,4.62
2016-02-16,33.6,23.5,27.8,64.0,22.15,0.0,16.1,5.38
2016-02-17,33.7,23.2,27.9,60.0,23.11,0.0,13.1,5.49
2016-02-18,33.8,22.2,27.6,59.0,23.8,0.0,13.0,5.69
2016-02-19,34.1,22.6,27.7,58.0,23.99,0.0,14.5,5.93
2016-02-20,33.6,22.4,27.2,59.0,23.05,0.0,14.7,5.82
2016-02-21,33.6,22.0,27.1,63.0,24.02,0.0,16.8,5.74
2016-02-22,33.5,23.1,27.6,64.0,20.9,0.0,15.5,5.15
2016-02-23,34.1,23.4,27.5,67.0,22.15,0.0,18.5,5.54
2016-02-24,34.0,23.0,28.2,58.0,22.4,0.0,12.2,5.41
2016-02-25,32.8,23.0,28.3,57.0,18.51,0.0,14.7,4.81
2016-02-26,33.8,23.5,28.3,60.0,23.0,0.1,11.4,5.37
2016-02-27,33.4,24.3,28.1,60.0,18.82,0.5,10.7,4.67
2016-02-28,33.7,24.7,28.5,62.0,23.58,0.1,13.1,5.47
2016-02-29,33.5,23.5,27.8,63.0,23.47,0.0,15.9,5.51
2016-03-01,33.0,23.0,27.6,61.0,21.45,0.0,11.4,4.87
2016-03-02,33.4,22.7,27.8,63.0,21.91,0.0,12.5,5.24
2016-03-03,33.3,23.6,28.1,62.0,22.01,0.0,13.1,5.22
2016-03-04,34.1,23.5,28.0,61.0,21.97,0.0,15.2,5.45
2016-03-05,34.3,23.7,28.0,65.0,22.73,0.0,17.4,5.72
2016-03-06,33.9,24.0,27.9,65.0,21.68,0.0,16.8,5.69
2016-03-07,34.0,23.8,27.7,66.0,22.82,0.0,17.0,5.79
2016-03-08,34.0,23.1,27.5,69.0,24.1,0.0,17.1,5.64
2016-03-09,33.8,23.7,27.9,71.0,24.4,0.0,14.0,5.7
2016-03-10,33.5,23.9,28.0,71.0,18.69,0.0,12.5,4.47
2016-03-11,34.1,24.5,28.5,68.0,22.78,0.0,18.6,5.96
2016-03-12,35.1,24.8,28.9,63.0,24.9,0.0,16.0,6.36
2016-03-13,33.2,25.2,28.5,69.0,21.19,0.0,12.8,5.24
2016-03-14,33.8,24.6,28.2,73.0,21.81,0.0,19.4,5.31
2016-03-15,34.0,25.2,28.5,67.0,20.44,0.0,14.8,5.35
2016-03-16,33.2,25.0,27.9,71.0,17.38,0.0,14.0,4.49
2016-03-17,31.5,24.1,27.3,73.0,15.6,0.0,12.0,3.97
2016-03-18,33.9,22.4,27.6,70.0,23.53,0.0,15.2,5.58
2016-03-19,33.7,22.5,27.6,72.0,25.93,0.0,15.8,6.0
2016-03-20,34.2,24.1,28.4,72.0,24.0,0.0,15.3,5.72
2016-03-21,33.7,24.1,28.0,72.0,23.27,0.0,13.7,5.5
2016-03-22,34.4,24.3,28.3,68.0,21.93,0.0,15.6,5.52
2016-03-23,34.2,24.7,28.4,68.0,20.95,0.0,16.6,5.15
2016-03-24,34.4,24.7,28.6,66.0,22.14,0.0,15.9,5.61
2016-03-25,35.0,25.1,28.9,62.0,25.72,0.0,18.4,6.73
2016-03-26,33.8,24.9,28.8,65.0,22.06,0.0,17.4,5.51
2016-03-27,35.2,25.0,29.3,58.0,24.52,0.0,15.9,6.42
2016-03-28,34.6,24.1,28.6,59.0,25.33,0.0,15.1,6.37
2016-03-29,34.5,23.9,28.2,60.0,24.57,0.0,16.7,6.28
2016-03-30,35.0,24.0,28.3,59.0,25.8,0.0,18.3,6.79
2016-03-31,35.4,24.3,28.8,64.0,24.88,0.0,17.2,6.38
2016-04-01,35.1,24.8,28.9,62.0,25.88,0.0,17.4,6.71
2016-04-02,35.1,25.0,28.7,66.0,24.12,0.0,16.7,6.23
2016-04-03,34.7,24.5,28.9,68.0,24.7,0.0,14.8,6.15
2016-04-04,33.5,25.2,28.8,73.0,21.52,0.2,12.4,5.18
2016-04-05,34.1,24.9,28.5,72.0,24.21,0.0,16.2,5.82
2016-04-06,33.7,24.6,28.4,69.0,21.05,0.0,15.8,5.31
2016-04-07,34.5,24.4,28.7,67.0,23.92,0.0,13.5,5.93
2016-04-08,34.6,25.5,29.2,70.0,24.08,0.0,13.7,5.96
2016-04-09,34.7,25.9,29.1,69.0,22.78,0.0,13.8,5.71
2016-04-10,34.5,24.9,29.1,70.0,20.4,0.0,11.8,4.8
2016-04-11,35.2,25.0,29.2,72.0,21.18,0.0,15.0,5.18
2016-04-12,35.3,25.9,29.5,75.0,23.41,1.2,17.5,5.56
2016-04-13,36.3,26.2,30.3,71.0,25.63,0.0,17.1,6.23
2016-04-14,35.6,26.6,30.3,71.0,24.48,0.0,12.9,5.98
2016-04-15,35.7,26.1,30.2,71.0,25.11,0.0,15.9,6.06
2016-04-16,35.7,26.7,30.2,72.0,22.39,0.2,14.5,5.45
2016-04-17,35.2,26.7,30.2,70.0,24.24,0.0,12.7,5.92
2016-04-18,35.4,25.8,30.2,72.0,23.7,0.2,13.3,5.78
2016-04-19,36.1,27.2,30.7,65.0,24.82,0.0,17.0,6.8
2016-04-20,36.9,26.6,31.0,58.0,24.84,0.0,16.4,6.95
2016-04-21,35.8,27.1,30.5,66.0,23.8,0.0,15.6,6.43
2016-04-22,35.3,26.6,30.1,66.0,24.71,0.0,13.4,6.12
2016-04-23,35.2,25.4,29.7,69.0,25.29,0.0,13.9,6.2
2016-04-24,35.2,25.4,29.7,69.0,23.65,0.0,12.9,5.82
2016-04-25,35.7,25.9,30.1,69.0,24.12,0.0,12.2,5.86
2016-04-26,35.7,26.6,30.5,69.0,23.76,0.0,12.5,5.93
2016-04-27,35.8,27.5,30.7,70.0,22.29,0.5,11.8,5.37
2016-04-28,34.1,27.7,30.4,72.0,20.41,4.9,12.3,5.05
2016-04-29,34.0,27.4,29.8,74.0,20.79,1.5,13.6,4.89
2016-04-30,34.5,26.9,30.0,69.0,22.46,0.2,11.0,5.41
2016-05-01,34.9,26.5,30.1,68.0,23.15,0.2,12.7,5.71
2016-05-02,35.9,27.1,30.7,68.0,24.94,0.0,13.7,6.21
2016-05-03,36.2,26.6,30.7,71.0,24.54,0.3,16.6,5.97
2016-05-04,36.5,27.1,31.3,67.0,25.39,0.0,13.1,6.36
2016-05-05,35.7,27.6,30.9,71.0,21.87,1.5,15.6,5.51
2016-05-06,33.1,26.9,29.5,77.0,19.27,6.8,13.5,4.43
2016-05-07,36.3,26.3,30.7,69.0,25.05,0.0,15.8,6.35
2016-05-08,35.2,27.3,30.5,71.0,21.63,0.3,13.8,5.45
2016-05-09,34.7,27.1,30.3,73.0,20.75,1.2,12.4,4.98
2016-05-10,35.9,27.5,31.1,68.0,23.28,0.1,9.4,5.71
2016-05-11,35.7,28.4,31.0,70.0,21.65,0.7,14.3,5.36
2016-05-12,36.0,27.9,31.2,65.0,22.17,0.0,13.6,5.69
2016-05-13,37.1,26.3,31.1,66.0,24.76,0.0,12.9,6.22
2016-05-14,37.3,27.2,31.4,67.0,24.14,0.5,13.9,6.07
2016-05-15,36.8,28.4,31.8,65.0,22.1,0.2,11.6,5.39
2016-05-16,35.2,27.8,30.3,72.0,18.59,2.4,9.2,4.38
2016-05-17,35.3,27.6,29.9,75.0,21.09,2.9,15.3,4.91
2016-05-18,31.3,26.4,28.1,83.0,11.82,8.6,11.3,2.78
2016-05-19,32.4,26.4,28.4,86.0,18.05,22.6,11.2,3.9
2016-05-20,32.1,26.1,28.4,84.0,16.65,3.2,12.8,3.62
2016-05-21,33.6,26.5,28.7,83.0,18.73,8.0,10.9,4.12
2016-05-22,28.4,25.5,26.7,91.0,5.57,17.3,11.2,1.39
2016-05-23,32.4,25.8,28.0,85.0,16.59,13.0,11.6,3.59
2016-05-24,31.5,25.5,27.4,87.0,15.74,14.0,20.7,3.42
2016-05-25,28.9,25.3,26.7,93.0,9.6,9.0,13.4,2.02
2016-05-26,31.5,25.5,27.4,88.0,15.09,10.5,15.4,3.27
2016-05-27,32.2,25.6,27.4,88.0,16.63,8.4,15.4,3.49
2016-05-28,30.8,25.5,27.4,88.0,13.17,6.5,11.6,2.85
2016-05-29,29.4,25.3,26.7,89.0,10.52,12.8,9.7,2.29
2016-05-30,30.7,25.4,27.2,87.0,17.15,18.2,13.2,3.55
2016-05-31,29.8,25.1,27.0,89.0,15.99,6.6,11.6,3.29
2016-06-01,31.7,24.9,28.0,82.0,21.73,0.6,10.3,4.6
2016-06-02,32.0,25.3,28.2,83.0,21.49,5.3,10.5,4.54
2016-06-03,32.3,25.4,28.0,83.0,20.48,2.2,12.5,4.33
2016-06-04,31.8,25.2,27.9,82.0,20.51,4.8,11.2,4.35
2016-06-05,31.9,25.8,28.1,83.0,19.82,5.3,13.4,4.19
2016-06-06,32.1,25.3,28.3,81.0,21.83,0.3,11.6,4.71
2016-06-07,31.9,25.7,27.9,83.0,19.21,9.2,13.4,4.11
2016-06-08,32.0,24.8,27.5,85.0,18.59,8.9,14.0,3.91
2016-06-09,32.6,25.7,28.6,80.0,21.29,0.0,15.6,4.74
2016-06-10,33.3,25.8,29.1,78.0,23.13,0.9,13.4,5.16
2016-06-11,32.9,26.7,28.9,82.0,20.33,4.3,11.9,4.46
2016-06-12,32.2,25.7,28.0,85.0,19.05,9.8,13.3,4.1
2016-06-13,31.9,25.2,28.0,83.0,20.91,3.8,12.6,4.45
2016-06-14,32.0,26.0,27.9,84.0,18.46,3.4,16.3,4.02
2016-06-15,31.1,25.4,27.3,88.0,17.81,12.1,12.7,3.67
2016-06-16,31.6,24.8,27.3,86.0,20.28,7.6,10.4,4.22
2016-06-17,31.8,25.1,27.8,83.0,20.55,1.4,8.5,4.32
2016-06-18,32.3,24.7,27.5,83.0,17.31,8.5,10.5,3.72
2016-06-19,31.6,24.7,27.7,83.0,18.93,0.5,10.2,4.06
2016-06-20,30.7,24.7,26.5,88.0,14.24,9.2,10.9,3.01
2016-06-21,30.5,24.4,26.7,85.0,17.41,8.9,9.9,3.62
2016-06-22,31.0,25.0,27.0,87.0,16.77,6.1,15.0,3.5
2016-06-23,30.0,24.6,26.3,90.0,13.57,18.0,12.9,2.81
2016-06-24,30.5,24.6,26.4,91.0,13.1,9.5,13.5,2.71
2016-06-25,30.7,24.8,26.9,88.0,14.77,4.5,9.7,3.16
2016-06-26,29.7,25.0,26.4,93.0,11.08,18.4,15.3,2.23
2016-06-27,29.5,24.8,26.2,92.0,11.6,19.2,14.5,2.45
2016-06-28,27.6,24.4,25.3,94.0,7.45,26.7,14.3,1.58
2016-06-29,30.0,24.2,26.3,89.0,15.72,5.3,11.6,3.21
2016-06-30,30.5,24.6,26.8,88.0,18.31,9.0,13.4,3.72
2016-07-01,31.3,24.3,27.2,84.0,20.64,3.5,11.2,4.32
2016-07-02,31.4,24.7,27.2,86.0,20.01,8.8,9.0,4.13
2016-07-03,31.9,24.7,28.1,82.0,21.66,0.3,10.1,4.58
2016-07-04,32.1,26.3,29.0,79.0,21.21,0.0,13.0,4.7
2016-07-05,32.2,25.5,28.3,81.0,21.31,2.7,11.6,4.53
2016-07-06,27.8,25.2,26.2,89.0,7.36,2.3,17.6,1.71
2016-07-07,29.8,24.8,26.7,86.0,16.86,6.4,14.8,3.49
2016-07-08,30.2,24.8,26.6,86.0,16.18,7.2,17.7,3.44
2016-07-09,30.6,24.6,27.2,84.0,16.84,9.4,19.2,3.71
2016-07-10,28.1,25.0,25.7,94.0,8.01,26.8,13.8,1.67
2016-07-11,29.5,24.6,26.0,93.0,11.29,17.4,13.3,2.29
2016-07-12,30.4,24.7,26.7,90.0,14.88,6.3,15.1,3.02
2016-07-13,30.6,24.9,27.1,87.0,17.9,6.2,13.8,3.71
2016-07-14,31.5,24.6,27.1,87.0,21.45,8.7,12.2,4.35
2016-07-15,31.3,24.8,27.5,85.0,21.29,4.1,9.7,4.38
2016-07-16,31.1,25.0,27.1,87.0,18.35,8.0,8.4,3.74
2016-07-17,31.8,24.8,27.9,85.0,21.26,3.3,9.8,4.43
2016-07-18,30.6,25.3,26.9,89.0,16.62,12.9,15.6,3.36
2016-07-19,31.4,24.3,27.0,87.0,20.58,5.6,10.5,4.23
2016-07-20,31.3,24.9,27.1,86.0,19.55,1.6,9.1,4.06
2016-07-21,30.7,24.7,27.1,84.0,20.27,1.8,9.1,4.15
2016-07-22,30.9,24.6,26.8,89.0,17.33,11.9,9.9,3.56
2016-07-23,30.5,24.8,26.8,89.0,16.17,8.5,7.9,3.31
2016-07-24,31.8,24.6,28.0,82.0,22.79,0.8,6.5,4.77
2016-07-25,31.3,24.7,27.4,85.0,21.05,4.9,10.5,4.32
2016-07-26,29.4,24.6,26.2,91.0,12.24,23.0,13.2,2.54
2016-07-27,30.1,24.5,26.4,88.0,15.53,7.2,10.7,3.23
2016-07-28,30.3,24.4,26.1,89.0,17.07,11.5,11.6,3.45
2016-07-29,29.9,24.1,25.9,90.0,15.91,15.7,12.9,3.16
2016-07-30,30.9,24.5,27.4,82.0,20.93,0.7,13.0,4.48
2016-07-31,31.2,25.0,27.8,78.0,23.37,0.2,20.6,5.02
2016-08-01,31.5,24.8,27.6,80.0,22.04,2.9,13.7,4.65
2016-08-02,31.0,25.4,27.2,84.0,17.87,13.1,17.1,3.85
2016-08-03,27.0,24.3,25.5,94.0,5.97,21.8,14.5,1.34
2016-08-04,28.9,24.6,25.7,91.0,14.22,11.1,14.7,2.82
2016-08-05,29.8,24.1,25.9,92.0,16.22,18.7,14.9,3.16
2016-08-06,30.9,24.2,26.7,86.0,19.27,6.6,13.6,3.94
2016-08-07,29.5,24.6,26.2,88.0,14.69,8.2,18.2,3.1
2016-08-08,30.9,24.7,26.9,85.0,18.86,2.5,16.7,3.93
2016-08-09,31.3,25.3,27.6,82.0,20.42,2.6,17.9,4.39
2016-08-10,31.6,25.6,27.2,84.0,16.75,10.5,20.4,3.75
2016-08-11,29.1,25.5,26.7,87.0,12.92,7.4,18.6,2.86
2016-08-12,31.1,25.1,27.4,84.0,19.73,7.9,18.8,4.16
2016-08-13,30.1,25.7,27.1,85.0,17.13,14.5,20.6,3.68
2016-08-14,31.1,25.7,27.4,83.0,17.14,10.5,21.7,3.85
2016-08-15,31.0,25.7,27.5,81.0,17.15,3.0,22.2,3.95
2016-08-16,30.8,25.6,27.6,81.0,17.04,3.4,21.7,3.91
2016-08-17,31.1,25.7,27.4,84.0,15.15,3.2,19.2,3.51
2016-08-18,30.4,26.1,27.5,84.0,16.11,6.7,18.7,3.61
2016-08-19,31.3,25.8,27.9,81.0,18.75,4.7,19.5,4.28
2016-08-20,31.8,25.3,27.6,84.0,18.03,4.5,13.5,3.84
2016-08-21,32.0,25.0,28.3,80.0,21.7,0.2,14.5,4.77
2016-08-22,31.5,26.1,27.7,83.0,17.15,7.9,14.6,3.73
2016-08-23,31.6,25.2,27.2,86.0,17.78,6.9,14.3,3.7
2016-08-24,30.4,25.0,26.8,88.0,17.26,17.3,15.6,3.54
2016-08-25,31.7,24.9,27.3,86.0,18.75,8.4,12.2,3.93
2016-08-26,31.6,24.8,27.7,84.0,21.16,2.7,15.1,4.45
2016-08-27,31.6,24.8,27.7,85.0,20.98,12.2,11.5,4.36
2016-08-28,31.3,25.1,27.7,83.0,17.79,0.2,12.0,3.87
2016-08-29,31.3,25.3,27.3,85.0,17.95,5.8,14.6,3.8
2016-08-30,31.2,24.5,26.8,87.0,18.18,10.4,11.7,3.76
2016-08-31,32.3,24.5,27.4,85.0,21.32,3.6,11.9,4.43
2016-09-01,32.7,24.7,28.0,83.0,23.49,2.9,10.7,4.93
2016-09-02,32.6,25.7,27.9,84.0,21.68,11.5,13.4,4.56
2016-09-03,31.8,25.0,27.6,85.0,21.11,4.8,16.9,4.33
2016-09-04,32.0,25.1,28.1,80.0,23.01,0.4,16.2,4.95
2016-09-05,31.5,25.5,27.6,86.0,19.66,11.9,14.9,4.13
2016-09-06,31.8,25.0,27.3,86.0,19.73,10.7,13.6,4.13
2016-09-07,30.0,24.9,26.2,89.0,12.97,13.8,18.4,2.65
2016-09-08,29.4,24.1,26.3,88.0,14.31,13.0,18.4,2.94
2016-09-09,31.0,23.9,26.5,85.0,18.06,9.6,17.4,3.72
2016-09-10,31.1,24.2,26.8,85.0,15.67,2.3,13.8,3.37
2016-09-11,30.6,24.7,26.3,89.0,13.62,16.1,14.7,2.85
2016-09-12,27.4,24.6,25.6,89.0,6.51,4.7,13.6,1.62
2016-09-13,28.6,23.7,25.9,85.0,14.95,5.4,22.1,3.14
2016-09-14,30.9,24.1,27.0,83.0,20.33,2.7,15.6,4.21
2016-09-15,31.5,24.3,27.0,85.0,19.96,4.0,15.4,4.15
2016-09-16,30.6,24.6,26.6,85.0,18.54,8.8,16.8,3.85
2016-09-17,30.1,24.3,26.4,88.0,15.66,12.0,9.2,3.24
2016-09-18,29.8,24.5,26.1,89.0,11.36,6.9,9.4,2.42
2016-09-19,31.2,24.0,26.3,91.0,16.35,16.4,12.5,3.36
2016-09-20,31.0,24.8,26.6,89.0,16.68,19.9,9.8,3.46
2016-09-21,30.6,24.0,26.1,90.0,13.78,39.8,7.3,2.87
2016-09-22,29.3,24.1,25.9,90.0,13.91,21.0,11.0,2.83
2016-09-23,30.1,24.1,26.2,89.0,14.41,7.2,10.1,3.02
2016-09-24,30.6,24.5,26.8,86.0,19.25,8.3,11.6,3.95
2016-09-25,31.4,24.4,26.8,89.0,17.09,7.9,10.2,3.53
2016-09-26,31.3,24.9,26.8,90.0,17.81,21.9,10.7,3.66
2016-09-27,30.1,24.3,26.4,91.0,15.38,17.0,9.0,3.17
2016-09-28,28.9,24.4,26.1,91.0,11.85,11.2,7.9,2.49
2016-09-29,29.5,24.3,26.2,89.0,14.7,9.6,9.7,3.01
2016-09-30,30.9,24.5,26.5,88.0,16.36,8.4,12.9,3.32
2016-10-01,30.2,24.2,26.6,88.0,17.41,5.7,8.6,3.55
2016-10-02,30.2,24.9,26.9,86.0,14.4,3.5,10.3,3.09
2016-10-03,29.3,24.1,25.6,92.0,9.53,9.5,8.0,2.01
2016-10-04,30.9,24.5,27.0,87.0,18.98,3.9,10.0,3.95
2016-10-05,30.9,24.8,26.5,90.0,15.16,26.5,9.9,3.18
2016-10-06,29.4,24.8,26.0,94.0,9.48,25.1,11.4,1.92
2016-10-07,29.6,23.9,25.7,92.0,11.12,14.4,9.5,2.28
2016-10-08,30.2,23.8,25.7,92.0,14.12,15.8,11.5,2.79
2016-10-09,30.0,23.9,26.1,90.0,14.87,16.3,8.6,3.04
2016-10-10,30.3,23.9,26.3,89.0,15.66,8.8,6.5,3.19
2016-10-11,28.5,24.5,25.8,93.0,9.98,17.3,5.4,2.09
2016-10-12,28.5,24.2,25.6,93.0,10.34,25.5,6.0,2.15
2016-10-13,30.4,24.0,26.1,93.0,14.05,12.8,8.4,2.89
2016-10-14,30.6,24.5,26.7,88.0,16.47,5.8,11.5,3.4
2016-10-15,30.5,24.8,26.6,89.0,13.98,10.0,7.2,2.9
2016-10-16,28.3,24.4,25.8,92.0,10.11,17.2,7.2,2.09
2016-10-17,28.5,24.1,25.7,92.0,9.67,15.3,10.0,2.03
2016-10-18,27.8,24.0,25.3,94.0,8.1,19.2,11.4,1.7
2016-10-19,30.3,24.1,25.8,91.0,14.05,31.6,14.3,2.9
2016-10-20,29.1,24.2,25.7,92.0,12.25,10.4,14.0,2.47
2016-10-21,29.4,24.2,26.1,90.0,11.02,8.9,13.1,2.31
2016-10-22,30.7,24.6,26.5,89.0,15.21,4.2,12.7,3.18
2016-10-23,28.9,24.3,25.7,91.0,10.21,12.7,8.9,2.15
2016-10-24,28.6,23.6,25.2,93.0,9.99,13.1,6.2,2.08
2016-10-25,27.6,23.9,25.3,91.0,9.26,10.6,13.4,1.98
2016-10-26,29.2,24.7,26.1,87.0,12.38,3.9,17.9,2.7
2016-10-27,30.5,24.0,26.4,87.0,18.4,11.7,14.0,3.74
2016-10-28,30.3,24.1,26.4,88.0,16.39,9.1,10.4,3.34
2016-10-29,30.0,23.9,25.7,91.0,12.72,12.1,10.5,2.62
2016-10-30,29.5,23.9,25.5,92.0,10.24,15.3,12.1,2.15
2016-10-31,29.6,23.9,26.0,89.0,14.25,15.7,11.7,2.88
2016-11-01,30.8,23.9,26.2,89.0,18.08,16.7,8.9,3.68
2016-11-02,30.3,23.8,26.2,89.0,16.6,2.4,8.0,3.39
2016-11-03,30.1,24.4,26.1,89.0,13.04,4.3,8.9,2.71
2016-11-04,29.0,24.2,26.0,90.0,11.84,9.3,9.5,2.48
2016-11-05,25.8,24.0,24.7,93.0,4.6,25.8,13.4,1.12
2016-11-06,27.2,24.2,25.2,91.0,8.91,3.8,12.5,1.9
2016-11-07,29.4,24.2,26.0,90.0,12.99,5.4,11.0,2.64
2016-11-08,30.0,24.4,26.5,88.0,15.65,5.2,12.4,3.18
2016-11-09,30.2,24.3,26.4,87.0,16.13,2.7,9.7,3.3
2016-11-10,30.4,23.8,26.4,85.0,18.73,2.5,8.2,3.79
2016-11-11,30.0,23.6,26.5,85.0,18.76,1.2,10.8,3.81
2016-11-12,30.5,23.7,26.8,84.0,19.06,1.1,10.8,3.93
2016-11-13,31.0,23.6,26.5,87.0,17.5,1.2,8.1,3.58
2016-11-14,31.2,23.5,27.2,84.0,19.17,0.0,6.2,3.95
2016-11-15,30.8,24.3,27.2,86.0,17.55,0.7,7.4,3.64
2016-11-16,31.4,24.1,27.2,83.0,20.0,1.6,10.0,4.11
2016-11-17,30.0,24.4,26.3,91.0,12.57,7.1,6.6,2.6
2016-11-18,30.5,24.5,26.6,89.0,17.14,6.0,12.6,3.44
2016-11-19,30.6,23.1,26.7,85.0,17.29,2.0,8.6,3.57
2016-11-20,30.5,24.5,26.3,89.0,15.69,9.7,10.6,3.22
2016-11-21,30.4,24.5,26.5,88.0,14.91,11.9,10.1,3.05
2016-11-22,29.9,24.4,26.7,87.0,15.67,5.0,9.2,3.19
2016-11-23,30.7,24.6,26.9,87.0,18.04,1.6,11.0,3.67
2016-11-24,30.8,23.9,27.0,84.0,19.32,0.0,7.4,4.01
2016-11-25,30.8,24.1,27.0,87.0,18.64,1.0,9.0,3.84
2016-11-26,30.7,24.8,27.3,85.0,17.2,1.1,8.7,3.57
2016-11-27,30.9,24.7,27.0,85.0,17.64,1.5,8.0,3.66
2016-11-28,30.9,24.2,27.0,85.0,19.55,0.2,7.1,3.98
2016-11-29,31.1,23.7,26.8,82.0,19.24,0.7,7.6,4.03
2016-11-30,30.6,24.4,26.5,88.0,14.51,16.7,8.1,3.01
2016-12-01,30.7,23.9,26.1,89.0,15.4,4.7,14.3,3.12
2016-12-02,28.8,23.8,25.9,89.0,10.56,3.2,8.0,2.19
2016-12-03,31.0,23.8,26.9,84.0,17.1,0.0,16.2,3.59
2016-12-04,29.2,23.8,26.3,86.0,13.03,0.4,9.7,2.71
2016-12-05,30.3,24.0,26.3,87.0,15.88,7.9,8.0,3.24
2016-12-06,28.6,24.0,26.0,88.0,11.34,1.7,7.9,2.35
2016-12-07,29.1,23.8,25.6,93.0,10.88,14.0,7.9,2.21
2016-12-08,28.8,23.8,25.6,88.0,8.82,3.4,7.2,1.95
2016-12-09,29.6,23.9,26.1,82.0,15.9,0.5,7.4,3.3
2016-12-10,27.1,23.8,25.2,92.0,5.94,5.5,6.8,1.32
2016-12-11,25.6,23.5,24.2,94.0,4.25,18.5,12.4,1.0
2016-12-12,26.2,23.4,24.2,94.0,5.38,17.1,16.1,1.21
2016-12-13,24.2,22.6,23.4,94.0,2.17,26.4,15.2,0.68
2016-12-14,28.7,23.2,25.0,92.0,10.75,6.1,7.1,2.22
2016-12-15,28.3,23.8,25.4,89.0,12.22,6.5,15.3,2.47
2016-12-16,29.2,23.5,25.2,91.0,12.03,12.9,10.0,2.44
2016-12-17,29.1,22.6,25.5,81.0,16.59,0.0,13.3,3.52
2016-12-18,27.9,23.5,25.0,84.0,10.34,4.6,8.3,2.3
2016-12-19,27.4,22.8,24.7,93.0,9.57,8.1,6.9,1.93
2016-12-20,29.2,23.4,25.4,91.0,11.38,6.8,7.3,2.35
2016-12-21,29.5,23.7,25.7,91.0,12.33,8.3,7.1,2.53
2016-12-22,30.6,23.7,26.7,84.0,19.16,0.1,6.6,3.83
2016-12-23,29.9,23.6,26.3,87.0,15.63,2.1,5.6,3.15
2016-12-24,30.2,22.6,26.4,84.0,18.78,0.0,6.7,3.81
2016-12-25,30.7,23.9,26.4,87.0,15.22,1.1,8.7,3.13
2016-12-26,30.2,23.4,26.5,85.0,18.48,0.1,8.9,3.73
2016-12-27,29.9,23.6,26.1,84.0,17.04,0.0,6.6,3.49
2016-12-28,27.6,22.4,24.8,72.0,13.24,0.0,13.3,3.2
2016-12-29,29.0,23.0,25.6,68.0,15.19,0.0,15.3,3.97
2016-12-30,27.8,22.6,25.0,75.0,11.6,1.3,12.5,2.81
2016-12-31,29.8,23.3,25.9,81.0,14.64,0.6,10.1,3.18
2017-01-01,31.0,22.4,26.6,80.0,19.47,0.0,10.8,4.01
2017-01-02,30.8,23.2,26.7,76.0,19.14,1.5,10.7,4.11
2017-01-03,31.0,24.1,27.1,78.0,18.06,0.0,10.0,3.89
2017-01-04,30.5,23.4,26.3,79.0,16.51,0.4,12.1,3.52
2017-01-05,31.2,23.8,26.8,79.0,17.24,0.2,19.3,3.81
2017-01-06,31.6,23.2,27.2,77.0,19.37,0.4,8.8,4.11
2017-01-07,30.6,24.2,27.2,75.0,17.46,4.3,18.7,4.07
2017-01-08,31.8,24.7,27.6,67.0,18.67,0.3,17.2,4.92
2017-01-09,32.1,23.3,27.2,71.0,20.06,0.0,13.0,4.63
2017-01-10,30.9,23.8,27.0,75.0,18.1,0.1,13.7,4.0
2017-01-11,31.5,24.2,27.3,73.0,18.82,0.0,12.8,4.2
2017-01-12,31.7,24.6,27.5,75.0,16.96,0.1,11.9,3.89
2017-01-13,32.1,23.9,27.7,77.0,18.71,1.6,12.0,4.15
2017-01-14,30.6,24.5,26.8,84.0,12.91,4.5,12.5,2.83
2017-01-15,28.2,24.0,25.1,90.0,6.24,43.9,11.2,1.46
2017-01-16,28.9,23.2,25.7,85.0,12.6,1.9,14.3,2.72
2017-01-17,30.9,23.5,26.7,81.0,18.34,0.9,16.0,3.97
2017-01-18,30.6,22.8,26.7,79.0,19.65,0.1,9.5,4.07
2017-01-19,30.7,24.6,27.0,81.0,17.4,1.1,7.6,3.64
2017-01-20,30.7,23.9,26.6,85.0,16.74,11.5,7.3,3.48
2017-01-21,29.3,22.6,25.7,84.0,14.37,1.3,6.0,2.95
2017-01-22,29.0,22.1,25.8,80.0,13.03,0.6,11.7,2.84
2017-01-23,30.1,22.4,26.2,71.0,20.12,0.1,10.3,4.44
2017-01-24,29.5,22.5,26.0,74.0,15.87,1.8,8.1,3.5
2017-01-25,30.9,23.4,26.3,85.0,17.6,25.2,10.2,3.58
2017-01-26,30.3,23.9,26.8,79.0,18.66,0.4,9.5,3.98
2017-01-27,28.9,21.3,25.1,70.0,22.01,0.0,15.1,4.67
2017-01-28,29.3,20.7,25.0,72.0,21.59,0.0,13.0,4.46
2017-01-29,30.0,22.2,25.9,78.0,20.29,0.0,12.1,4.21
2017-01-30,30.4,22.3,26.2,76.0,19.58,0.0,12.5,4.22
2017-01-31,30.5,22.2,25.8,77.0,19.55,0.0,11.6,4.23
2017-02-01,29.1,22.5,25.5,81.0,13.17,18.3,8.4,2.86
2017-02-02,29.8,23.4,25.7,87.0,14.95,22.4,7.4,3.06
2017-02-03,29.8,23.2,25.5,88.0,11.43,9.9,10.0,2.42
2017-02-04,31.1,22.6,26.3,87.0,19.47,2.1,15.5,3.94
2017-02-05,30.3,23.6,26.3,85.0,19.35,2.7,15.7,4.04
2017-02-06,30.5,22.7,26.1,79.0,21.72,0.2,15.1,4.54
2017-02-07,29.8,22.2,25.6,76.0,19.17,0.1,13.2,4.12
2017-02-08,31.1,22.0,26.1,79.0,20.71,0.1,18.3,4.44
2017-02-09,31.3,22.9,26.5,78.0,22.08,0.1,17.0,4.73
2017-02-10,32.0,22.6,26.5,73.0,22.95,0.0,16.2,5.18
2017-02-11,30.6,21.0,25.7,69.0,23.64,0.0,13.2,5.13
2017-02-12,30.6,20.8,25.2,61.0,23.9,0.0,12.3,5.36
2017-02-13,30.9,20.7,25.4,62.0,24.02,0.0,11.1,5.24
2017-02-14,31.7,21.0,26.2,61.0,23.36,0.0,13.9,5.35
2017-02-15,31.8,20.6,26.2,63.0,20.85,0.0,17.9,4.9
2017-02-16,30.7,20.5,25.5,61.0,22.06,0.0,13.1,4.92
2017-02-17,31.3,22.5,26.3,65.0,17.65,0.0,16.1,4.36
2017-02-18,32.3,22.6,27.1,68.0,20.88,0.0,16.6,4.84
2017-02-19,31.9,22.7,27.1,71.0,17.86,0.0,16.1,4.37
2017-02-20,30.0,24.6,26.8,68.0,14.03,0.0,15.0,3.72
2017-02-21,32.2,23.6,27.6,73.0,19.08,0.0,13.5,4.53
2017-02-22,33.0,24.6,28.1,70.0,19.69,0.0,15.6,4.97
2017-02-23,33.7,24.1,27.8,71.0,19.45,0.5,16.5,4.79
2017-02-24,33.0,23.9,28.1,68.0,21.59,0.0,13.2,5.18
2017-02-25,33.7,23.5,28.3,70.0,21.5,0.0,15.3,4.99
2017-02-26,32.1,24.6,27.1,80.0,16.93,10.9,14.1,3.7
2017-02-27,33.0,24.0,27.9,73.0,22.4,0.0,11.4,4.99
2017-02-28,33.2,23.5,28.3,66.0,24.41,0.0,16.0,5.58
2017-03-01,32.3,22.9,27.9,67.0,20.17,1.3,9.9,4.57
2017-03-02,32.0,24.4,28.0,64.0,22.29,0.4,16.0,5.27
2017-03-03,32.8,23.0,27.1,63.0,22.59,0.0,18.2,5.36
2017-03-04,33.0,21.8,26.8,65.0,24.26,0.0,19.9,5.76
2017-03-05,33.2,22.8,27.0,70.0,24.63,0.0,17.5,5.64
2017-03-06,32.6,22.8,26.9,74.0,21.56,0.0,18.7,4.97
2017-03-07,33.5,23.5,27.1,64.0,24.57,0.0,21.9,6.13
2017-03-08,33.8,21.7,27.1,64.0,25.69,0.0,21.0,6.11
2017-03-09,33.9,23.4,27.4,65.0,23.95,0.0,22.1,6.02
2017-03-10,33.8,22.2,27.1,67.0,25.85,0.0,20.8,6.18
2017-03-11,34.0,22.9,27.1,73.0,24.61,0.0,22.4,5.71
2017-03-12,33.5,22.5,27.0,72.0,23.68,0.0,19.6,5.56
2017-03-13,33.1,23.4,27.6,71.0,22.01,0.0,15.2,5.26
2017-03-14,34.3,24.4,28.3,71.0,23.5,0.0,17.1,5.74
2017-03-15,34.7,24.2,28.2,71.0,24.36,0.2,23.1,5.92
2017-03-16,34.9,25.0,28.4,74.0,21.2,2.5,16.5,5.09
2017-03-17,34.2,24.6,28.4,73.0,20.08,2.4,16.2,4.99
2017-03-18,34.1,24.7,28.5,70.0,23.9,0.0,21.2,6.09
2017-03-19,33.0,25.0,27.9,77.0,19.51,7.1,14.9,4.41
2017-03-20,32.5,24.6,28.1,72.0,20.81,0.1,19.9,5.03
2017-03-21,32.0,25.0,28.1,74.0,19.53,0.8,14.3,4.55
2017-03-22,32.5,25.1,28.2,71.0,20.68,0.3,15.6,5.12
2017-03-23,34.7,24.6,28.5,70.0,22.73,0.0,22.5,5.75
2017-03-24,34.9,24.8,28.9,67.0,24.18,0.0,19.5,6.28
2017-03-25,33.5,25.4,28.9,70.0,20.16,0.5,19.4,5.31
2017-03-26,36.4,25.5,29.5,61.0,25.61,0.0,24.2,6.85
2017-03-27,34.9,25.0,29.7,51.0,20.76,0.0,17.5,6.15
2017-03-28,35.6,25.4,29.9,59.0,21.88,0.0,16.3,5.97
2017-03-29,35.5,24.8,29.1,65.0,20.57,0.6,18.2,5.45
2017-03-30,35.1,25.2,29.0,67.0,20.03,6.3,18.7,5.21
2017-03-31,34.2,26.2,28.8,69.0,18.05,0.8,15.3,4.59
2017-04-01,32.5,24.8,27.3,83.0,17.72,11.7,11.9,3.85
2017-04-02,31.8,24.2,26.8,83.0,18.76,19.4,8.5,3.96
2017-04-03,31.0,24.3,26.7,83.0,16.66,13.0,15.0,3.52
2017-04-04,31.9,23.9,27.1,80.0,21.64,1.1,12.6,4.6
2017-04-05,32.0,24.6,27.3,78.0,16.84,3.3,17.6,4.1
2017-04-06,31.1,25.0,27.4,78.0,18.72,0.6,17.3,4.3
2017-04-07,32.7,25.0,28.0,76.0,20.87,0.9,17.6,4.95
2017-04-08,33.7,25.0,28.4,77.0,22.56,3.8,18.7,5.21
2017-04-09,33.3,25.0,28.5,76.0,24.24,0.0,17.1,5.53
2017-04-10,32.8,25.5,28.5,80.0,21.23,1.2,14.7,4.83
2017-04-11,33.0,26.0,28.8,80.0,16.53,0.3,12.4,3.89
2017-04-12,33.8,25.7,29.3,77.0,21.98,0.0,16.7,5.12
2017-04-13,32.8,25.6,28.6,77.0,22.07,2.0,16.2,5.07
2017-04-14,36.2,24.5,29.2,64.0,26.73,0.0,19.3,6.62
2017-04-15,34.4,24.4,28.9,63.0,24.31,0.0,19.6,6.16
2017-04-16,35.8,24.7,29.0,67.0,26.59,0.0,21.9,6.69
2017-04-17,34.4,25.3,29.1,71.0,23.01,0.0,18.8,5.73
2017-04-18,33.8,25.6,29.0,76.0,21.46,1.0,15.1,5.02
2017-04-19,34.5,26.3,29.6,73.0,21.64,1.0,15.7,5.27
2017-04-20,35.4,25.9,30.1,71.0,23.48,0.0,18.9,5.78
2017-04-21,36.0,26.7,30.6,70.0,22.76,0.6,16.6,5.76
2017-04-22,36.9,26.0,30.4,71.0,23.72,1.1,19.1,5.64
2017-04-23,33.4,27.0,29.1,80.0,19.19,10.6,17.7,4.38
2017-04-24,31.2,26.6,28.6,79.0,17.63,5.4,20.3,4.03
2017-04-25,32.1,24.9,28.6,79.0,21.26,8.7,13.7,4.72
2017-04-26,33.2,24.9,28.8,76.0,23.43,1.7,15.0,5.19
2017-04-27,33.3,25.7,28.6,80.0,23.5,13.5,13.1,5.03
2017-04-28,33.5,26.5,29.0,78.0,20.23,2.7,15.1,4.54
2017-04-29,30.6,25.0,27.8,79.0,13.49,0.5,11.1,3.11
2017-04-30,33.0,26.0,28.8,75.0,20.46,3.4,13.9,4.76
2017-05-01,33.9,26.2,29.8,72.0,22.09,1.6,13.6,5.24
2017-05-02,33.6,26.5,29.4,76.0,20.53,3.8,11.2,4.65
2017-05-03,34.0,26.7,29.5,77.0,20.79,3.7,10.8,4.68
2017-05-04,34.3,26.6,29.2,79.0,22.01,5.7,11.8,4.91
2017-05-05,32.7,25.6,28.9,77.0,21.24,1.3,14.2,4.83
2017-05-06,33.3,25.6,28.2,80.0,16.88,7.5,15.8,3.96
2017-05-07,30.6,25.3,27.3,82.0,11.94,10.4,10.2,2.73
2017-05-08,31.7,25.1,27.7,83.0,13.5,3.0,9.7,3.08
2017-05-09,32.9,25.5,28.2,81.0,18.93,5.8,14.8,4.31
2017-05-10,32.9,25.7,28.4,78.0,19.93,4.9,22.9,4.6
2017-05-11,31.9,25.4,28.1,79.0,16.9,3.0,15.0,4.03
2017-05-12,33.8,26.1,29.1,76.0,21.36,0.6,16.4,5.07
2017-05-13,32.3,25.6,28.4,81.0,17.99,8.0,13.3,3.94
2017-05-14,32.3,25.9,28.2,81.0,17.24,11.8,20.0,3.79
2017-05-15,32.1,25.6,27.9,84.0,18.89,11.0,14.0,3.98
2017-05-16,31.3,25.0,27.7,85.0,16.83,13.3,17.4,3.56
2017-05-17,31.9,25.6,28.5,82.0,17.42,12.6,13.6,3.85
2017-05-18,32.5,25.7,28.2,85.0,18.28,14.1,15.1,3.89
2017-05-19,31.3,26.0,27.8,86.0,13.82,20.1,15.3,2.99
2017-05-20,32.5,25.5,28.4,82.0,18.23,2.3,11.9,4.02
2017-05-21,31.8,25.5,27.6,86.0,14.93,21.2,15.3,3.21
2017-05-22,32.2,25.9,27.7,85.0,14.66,12.9,14.8,3.23
2017-05-23,32.4,25.9,28.2,84.0,19.18,7.5,11.5,4.13
2017-05-24,32.4,25.4,28.1,84.0,19.05,4.6,16.4,4.06
2017-05-25,31.4,26.2,28.0,84.0,14.39,7.9,17.6,3.14
2017-05-26,30.9,25.9,27.4,86.0,13.95,10.0,13.7,3.02
2017-05-27,32.0,25.5,27.1,90.0,13.93,31.2,16.3,2.91
2017-05-28,31.1,25.7,27.6,87.0,14.67,17.4,10.7,3.12
2017-05-29,30.5,25.5,27.3,89.0,12.99,37.9,10.2,2.77
2017-05-30,31.2,25.8,27.8,84.0,16.88,4.0,13.7,3.67
2017-05-31,32.0,26.0,28.0,85.0,18.32,8.3,8.8,3.84
2017-06-01,32.7,26.1,28.6,83.0,22.29,1.6,16.9,4.7
2017-06-02,31.4,26.0,28.0,84.0,15.96,8.3,16.6,3.51
2017-06-03,30.9,25.4,27.7,85.0,17.47,5.5,18.3,3.65
2017-06-04,31.2,25.2,27.4,87.0,15.45,10.2,17.1,3.22
2017-06-05,29.7,25.4,26.8,88.0,14.33,18.9,16.8,2.92
2017-06-06,29.8,25.1,26.7,89.0,13.74,25.3,19.7,2.87
2017-06-07,31.5,25.2,27.4,84.0,16.01,4.5,17.8,3.4
2017-06-08,30.8,25.4,27.1,86.0,16.1,15.9,13.8,3.27
2017-06-09,32.7,25.3,28.4,81.0,20.01,7.8,11.4,4.45
2017-06-10,32.3,24.9,27.6,85.0,15.34,20.4,12.9,3.32
2017-06-11,31.1,25.6,28.0,83.0,13.8,9.0,10.8,3.13
2017-06-12,32.4,25.6,28.4,78.0,20.68,1.7,13.5,4.62
2017-06-13,31.3,25.3,27.9,80.0,15.06,0.9,11.0,3.36
2017-06-14,31.0,23.5,27.0,88.0,13.72,13.3,16.4,2.88
2017-06-15,31.7,25.0,27.9,82.0,21.61,1.1,10.1,4.57
2017-06-16,32.3,24.6,28.7,81.0,22.42,0.6,6.4,4.76
2017-06-17,31.2,26.5,28.2,84.0,17.98,3.3,10.7,3.8
2017-06-18,30.9,26.1,28.0,83.0,19.62,5.5,10.7,4.1
2017-06-19,32.4,25.7,28.3,80.0,21.05,4.5,17.1,4.6
2017-06-20,31.3,26.0,28.2,81.0,19.15,0.6,16.6,4.19
2017-06-21,30.6,25.8,27.4,86.0,14.18,3.1,16.0,3.05
2017-06-22,30.6,24.9,26.7,89.0,13.47,24.6,17.8,2.85
2017-06-23,30.3,24.4,26.4,89.0,14.15,24.0,10.6,2.96
2017-06-24,31.0,24.6,26.4,88.0,15.48,57.6,9.3,3.25
2017-06-25,28.4,24.7,26.2,88.0,13.34,12.2,14.8,2.74
2017-06-26,31.1,23.8,27.0,86.0,20.44,7.8,13.8,4.17
2017-06-27,31.0,24.4,27.1,85.0,18.55,8.0,13.1,3.83
2017-06-28,30.3,25.3,27.1,87.0,16.58,9.8,16.7,3.44
2017-06-29,30.9,24.6,27.2,86.0,17.58,5.4,13.3,3.64
2017-06-30,31.2,24.8,27.3,85.0,19.95,13.5,17.1,4.03
2017-07-01,31.9,24.7,27.9,83.0,20.35,9.4,11.5,4.32
2017-07-02,31.7,24.8,27.6,84.0,15.84,20.2,14.7,3.45
2017-07-03,31.8,25.2,27.5,85.0,19.58,7.5,17.9,4.07
2017-07-04,31.1,25.6,27.4,85.0,18.17,13.9,17.2,3.83
2017-07-05,31.2,25.5,27.0,88.0,16.42,8.9,14.8,3.4
2017-07-06,30.6,25.0,26.8,89.0,14.95,9.0,14.8,3.08
2017-07-07,30.7,24.8,27.0,87.0,17.34,8.2,20.9,3.45
2017-07-08,31.8,24.9,27.6,86.0,22.31,4.0,16.8,4.49
2017-07-09,31.8,25.0,28.1,81.0,21.95,2.6,12.3,4.64
2017-07-10,31.7,25.3,27.7,84.0,17.51,8.4,20.6,3.68
2017-07-11,31.0,24.8,27.0,86.0,15.95,22.1,19.1,3.4
2017-07-12,29.4,23.9,26.3,89.0,11.88,16.4,16.6,2.56
2017-07-13,29.8,24.3,26.1,87.0,9.63,7.5,20.1,2.25
2017-07-14,29.7,24.7,26.7,83.0,10.98,5.8,21.6,2.77
2017-07-15,29.3,25.1,26.2,86.0,11.15,12.3,20.5,2.62
2017-07-16,29.8,24.9,26.4,87.0,14.0,9.9,25.2,3.0
2017-07-17,28.5,24.9,26.0,87.0,10.31,6.1,21.4,2.34
2017-07-18,29.7,23.6,26.0,88.0,14.84,22.9,14.4,3.05
2017-07-19,28.7,24.3,25.6,92.0,9.39,26.3,12.4,1.93
2017-07-20,29.4,24.1,25.3,91.0,9.77,27.6,13.6,2.14
2017-07-21,29.7,24.1,26.1,89.0,13.01,28.8,14.5,2.74
2017-07-22,30.7,24.3,26.7,87.0,19.99,12.3,23.1,3.93
2017-07-23,30.5,24.9,26.8,87.0,18.4,10.7,18.0,3.72
2017-07-24,30.6,25.0,26.3,90.0,12.5,24.3,16.3,2.62
2017-07-25,27.3,24.5,25.6,92.0,5.61,32.1,20.2,1.4
2017-07-26,30.1,24.5,26.4,87.0,15.0,11.7,25.5,3.21
2017-07-27,29.1,24.6,26.6,86.0,14.63,2.9,20.4,3.2
2017-07-28,30.4,24.4,27.2,84.0,16.8,12.8,20.3,3.65
2017-07-29,31.5,25.7,28.1,81.0,18.02,0.7,20.4,4.22
2017-07-30,30.3,25.3,27.3,83.0,15.74,6.2,20.0,3.48
2017-07-31,30.3,25.4,27.2,86.0,17.05,9.0,23.1,3.58
2017-08-01,30.8,25.5,27.2,85.0,18.26,5.1,22.7,3.87
2017-08-02,30.5,25.3,27.2,85.0,17.22,12.9,26.7,3.62
2017-08-03,29.7,25.5,27.1,86.0,15.45,13.8,18.9,3.3
2017-08-04,30.2,24.6,26.4,87.0,15.04,15.5,24.8,3.17
2017-08-05,29.0,24.7,26.6,88.0,11.77,4.8,12.6,2.56
2017-08-06,31.1,24.7,26.8,89.0,14.28,11.5,13.4,3.01
2017-08-07,31.7,24.2,27.4,85.0,20.69,5.1,12.5,4.26
2017-08-08,31.9,24.8,27.7,85.0,19.89,8.8,10.0,4.2
2017-08-09,31.6,25.2,27.2,86.0,16.89,10.1,11.2,3.58
2017-08-10,31.9,24.9,27.6,86.0,20.5,5.4,9.7,4.26
2017-08-11,30.5,25.1,27.2,88.0,16.78,9.7,13.2,3.53
2017-08-12,31.7,24.5,27.4,85.0,19.39,12.3,13.3,4.09
2017-08-13,30.4,24.8,27.0,86.0,17.27,9.6,15.8,3.62
2017-08-14,31.7,24.9,27.1,87.0,19.56,7.9,11.0,4.02
2017-08-15,29.5,24.6,26.5,87.0,14.35,12.5,13.5,3.01
2017-08-16,29.7,24.3,26.2,89.0,12.11,20.6,14.7,2.54
2017-08-17,29.3,24.0,25.7,90.0,10.04,17.5,11.2,2.16
2017-08-18,28.2,23.8,25.5,89.0,9.71,10.3,13.0,2.18
2017-08-19,30.8,23.9,26.7,85.0,19.79,7.4,14.6,4.03
2017-08-20,30.2,25.0,26.8,86.0,16.68,6.5,16.6,3.55
2017-08-21,30.4,23.9,26.7,86.0,17.55,22.7,16.1,3.65
2017-08-22,29.7,24.1,26.3,88.0,15.88,22.5,15.6,3.27
2017-08-23,28.2,24.7,25.8,91.0,8.63,28.3,21.4,1.81
2017-08-24,30.0,24.7,26.7,86.0,16.3,6.4,16.1,3.35
2017-08-25,29.9,25.0,26.7,87.0,14.02,22.2,16.3,2.99
2017-08-26,28.4,24.0,25.3,92.0,10.69,52.4,13.6,2.19
2017-08-27,28.6,23.9,25.7,89.0,10.86,8.4,19.6,2.4
2017-08-28,31.5,23.9,26.5,87.0,18.26,15.3,17.3,3.73
2017-08-29,31.6,23.8,26.8,87.0,18.63,9.4,12.2,3.85
2017-08-30,31.4,24.8,27.5,85.0,19.51,6.1,10.7,4.15
2017-08-31,31.7,24.6,27.6,85.0,19.45,6.0,9.1,4.03
2017-09-01,31.0,25.1,27.3,86.0,16.36,13.1,13.2,3.41
2017-09-02,32.2,24.8,27.8,86.0,20.26,4.9,16.2,4.22
2017-09-03,32.4,25.2,28.4,81.0,21.62,0.5,9.7,4.67
2017-09-04,31.2,25.3,27.4,86.0,16.56,11.7,15.9,3.49
2017-09-05,31.8,25.2,27.7,84.0,20.11,6.2,15.7,4.22
2017-09-06,32.1,24.5,27.9,85.0,22.73,2.8,10.8,4.74
2017-09-07,31.7,25.3,27.9,85.0,19.28,2.5,7.7,4.03
2017-09-08,32.5,25.5,28.5,85.0,22.28,0.6,7.4,4.68
2017-09-09,31.3,25.9,28.2,83.0,19.72,4.6,12.1,4.18
2017-09-10,32.0,24.8,28.3,81.0,22.01,2.6,8.6,4.65
2017-09-11,30.9,25.1,27.0,85.0,19.3,14.9,13.4,4.02
2017-09-12,31.9,24.7,27.7,83.0,22.87,2.5,11.2,4.71
2017-09-13,32.4,25.2,27.9,85.0,18.53,5.9,16.8,3.85
2017-09-14,30.4,24.9,27.0,85.0,12.1,6.3,13.5,2.72
2017-09-15,29.9,25.1,26.8,87.0,13.66,10.0,17.6,3.02
2017-09-16,29.0,25.1,26.6,88.0,13.78,16.4,16.5,2.85
2017-09-17,31.5,25.1,27.6,85.0,19.84,9.2,16.2,4.1
2017-09-18,32.1,24.7,27.9,81.0,23.28,11.7,17.3,4.93
2017-09-19,31.5,24.5,27.3,87.0,20.41,12.5,11.3,4.16
2017-09-20,29.4,25.6,27.1,88.0,14.59,17.5,11.9,2.99
2017-09-21,29.3,25.0,26.0,91.0,11.94,31.9,12.2,2.44
2017-09-22,28.1,24.8,25.5,92.0,7.05,23.5,11.0,1.52
2017-09-23,28.7,23.9,25.8,90.0,9.73,16.8,16.4,2.08
2017-09-24,28.1,24.3,25.8,90.0,10.31,12.3,15.3,2.2
2017-09-25,28.2,24.0,25.7,90.0,11.33,18.2,17.7,2.29
2017-09-26,31.2,24.5,27.0,86.0,18.86,13.6,14.4,3.87
2017-09-27,31.1,24.2,26.9,87.0,15.26,18.0,6.1,3.23
2017-09-28,31.5,24.8,27.0,87.0,20.25,11.8,8.4,4.22
2017-09-29,31.3,24.3,27.2,85.0,19.8,5.1,14.5,4.16
2017-09-30,30.9,24.8,26.8,86.0,16.66,18.2,12.3,3.52
2017-10-01,31.0,24.4,26.7,88.0,16.58,13.6,11.8,3.38
2017-10-02,28.4,24.3,25.4,92.0,8.03,48.4,14.2,1.7
2017-10-03,27.6,24.3,25.4,91.0,8.04,16.2,15.0,1.75
2017-10-04,30.9,24.0,26.9,85.0,19.6,8.9,9.8,4.04
2017-10-05,31.4,24.4,27.6,83.0,20.58,4.0,8.9,4.28
2017-10-06,31.0,24.2,26.7,87.0,17.76,18.1,11.3,3.7
2017-10-07,30.1,24.7,26.7,88.0,14.39,15.8,13.0,2.93
2017-10-08,31.4,25.0,27.5,85.0,20.08,4.4,10.8,4.13
2017-10-09,30.6,25.1,27.5,85.0,17.29,1.5,7.5,3.59
2017-10-10,31.7,25.1,28.0,83.0,20.29,1.1,13.6,4.35
2017-10-11,30.5,25.4,27.1,86.0,16.02,4.7,11.2,3.36
2017-10-12,32.1,24.2,27.3,87.0,19.26,4.8,8.3,3.98
2017-10-13,29.7,24.7,26.3,88.0,14.91,21.4,9.4,3.07
2017-10-14,30.1,24.4,26.2,90.0,11.58,16.3,12.7,2.4
2017-10-15,27.7,24.7,25.8,91.0,6.52,14.3,18.1,1.51
2017-10-16,31.1,24.6,26.9,86.0,17.48,3.0,16.7,3.64
2017-10-17,30.0,24.7,26.2,89.0,12.56,21.8,8.2,2.62
2017-10-18,29.3,24.2,25.5,91.0,9.16,8.9,15.6,1.96
2017-10-19,29.7,24.1,26.0,90.0,12.31,19.9,17.6,2.54
2017-10-20,31.7,24.2,26.8,85.0,19.92,9.4,13.0,4.12
2017-10-21,30.4,24.1,26.4,88.0,14.53,3.0,11.6,3.08
2017-10-22,27.9,24.4,25.8,89.0,10.67,8.7,11.6,2.24
2017-10-23,29.6,23.9,26.2,88.0,16.17,19.3,11.0,3.25
2017-10-24,30.7,24.2,26.3,90.0,17.5,18.6,8.3,3.56
2017-10-25,30.8,23.7,26.8,83.0,19.89,1.2,11.0,4.05
2017-10-26,29.4,24.0,26.7,83.0,15.08,4.0,12.8,3.2
2017-10-27,29.1,24.5,26.1,88.0,10.08,3.7,9.7,2.17
2017-10-28,29.1,24.3,26.1,86.0,11.02,4.0,9.0,2.35
2017-10-29,30.1,22.7,26.7,80.0,18.59,0.1,10.8,3.91
2017-10-30,30.3,22.3,26.5,70.0,17.81,0.0,13.5,4.23
2017-10-31,29.7,24.5,26.1,78.0,12.97,8.9,15.1,3.11
2017-11-01,26.8,24.2,25.2,93.0,4.13,21.5,9.7,0.98
2017-11-02,29.5,23.7,26.1,87.0,12.74,0.3,8.2,2.69
2017-11-03,30.3,22.0,26.3,73.0,21.76,0.0,15.9,4.73
2017-11-04,27.8,23.5,25.1,79.0,8.06,8.3,18.9,2.46
2017-11-05,29.7,23.3,25.9,86.0,12.87,3.5,12.7,2.75
2017-11-06,30.3,24.0,26.7,87.0,15.56,1.5,7.2,3.2
2017-11-07,30.8,25.1,27.0,88.0,15.16,8.9,12.2,3.08
2017-11-08,30.9,23.9,26.4,88.0,17.37,14.9,8.3,3.54
2017-11-09,31.0,23.7,26.8,85.0,19.21,4.8,8.7,3.93
2017-11-10,29.9,24.4,26.3,88.0,12.45,7.7,10.1,2.62
2017-11-11,31.0,24.2,26.8,87.0,17.6,3.9,9.4,3.61
2017-11-12,30.7,24.7,26.8,88.0,16.31,9.5,9.0,3.32
2017-11-13,30.3,24.3,26.3,88.0,14.77,11.2,8.3,3.03
2017-11-14,30.7,24.3,26.8,85.0,18.89,2.8,11.1,3.91
2017-11-15,29.5,24.5,26.9,85.0,15.17,1.5,12.6,3.17
2017-11-16,31.4,24.6,27.5,80.0,18.15,0.3,14.1,3.98
2017-11-17,31.5,23.6,27.5,84.0,18.52,0.4,9.0,3.9
2017-11-18,31.5,24.6,27.5,84.0,16.72,2.9,10.5,3.57
2017-11-19,28.4,24.1,25.6,90.0,7.02,7.6,15.2,1.68
2017-11-20,29.5,24.2,26.3,85.0,14.77,0.9,20.4,3.23
2017-11-21,31.9,23.9,27.3,83.0,20.35,0.1,10.7,4.25
2017-11-22,31.4,24.4,27.6,84.0,18.04,0.5,11.4,3.8
2017-11-23,31.2,23.3,27.2,83.0,19.73,0.6,7.8,4.06
2017-11-24,30.9,24.2,27.1,83.0,17.58,0.9,10.3,3.69
2017-11-25,31.2,24.5,27.3,79.0,18.89,1.6,12.9,4.13
2017-11-26,31.4,24.1,27.6,81.0,18.76,0.2,10.1,3.95
2017-11-27,31.4,23.8,27.2,77.0,19.57,0.5,12.1,4.21
2017-11-28,30.1,24.3,27.1,80.0,12.9,2.2,12.3,2.88
2017-11-29,28.6,24.4,26.1,88.0,7.53,2.6,7.4,1.65
2017-11-30,31.4,23.4,27.3,79.0,21.07,0.0,11.1,4.41
2017-12-01,31.2,23.3,27.3,74.0,19.04,0.0,9.0,4.15
2017-12-02,31.0,25.1,27.4,80.0,14.49,4.7,11.2,3.24
2017-12-03,30.4,23.8,26.7,87.0,12.47,12.0,8.9,2.65
2017-12-04,30.4,24.8,26.4,89.0,12.64,20.5,11.9,2.63
2017-12-05,30.4,23.7,26.5,87.0,15.05,6.0,9.7,3.1
2017-12-06,30.7,23.6,26.8,81.0,16.08,0.1,10.0,3.4
2017-12-07,30.6,24.1,26.9,85.0,15.58,0.7,9.2,3.25
2017-12-08,29.9,24.0,26.4,83.0,17.92,2.4,12.6,3.71
2017-12-09,28.3,21.2,25.0,74.0,14.64,0.4,11.6,3.31
2017-12-10,29.0,21.0,24.9,75.0,16.29,0.0,13.7,3.54
2017-12-11,29.6,21.7,25.4,79.0,19.3,0.0,15.3,4.02
2017-12-12,29.3,22.7,26.3,82.0,15.57,1.5,12.6,3.33
2017-12-13,29.5,23.8,26.1,86.0,16.32,1.6,13.1,3.37
2017-12-14,29.5,24.2,26.1,85.0,16.14,2.2,10.7,3.25
2017-12-15,30.3,23.1,26.3,82.0,16.82,2.1,12.8,3.51
2017-12-16,30.1,23.2,26.2,82.0,17.35,0.5,12.4,3.56
2017-12-17,30.9,22.8,26.0,60.0,20.78,0.0,19.7,5.53
2017-12-18,29.6,20.1,24.5,57.0,21.15,0.0,17.6,5.36
2017-12-19,28.6,20.7,24.2,56.0,16.46,0.0,16.2,4.6
2017-12-20,26.7,20.9,23.3,53.0,9.08,0.0,22.9,3.91
2017-12-21,24.9,20.3,22.9,64.0,5.26,4.4,18.9,2.87
2017-12-22,30.1,22.5,25.7,69.0,14.04,0.0,16.6,3.72
2017-12-23,31.1,22.7,26.4,75.0,17.46,0.0,11.7,3.81
2017-12-24,31.0,22.9,26.8,66.0,18.83,0.0,25.9,5.12
2017-12-25,27.8,22.2,24.7,64.0,5.05,2.7,25.3,3.17
2017-12-26,29.1,22.0,25.3,77.0,13.9,4.0,22.1,3.16
2017-12-27,29.4,23.0,25.7,85.0,10.01,4.7,11.2,2.19
2017-12-28,31.6,22.9,26.5,83.0,18.12,1.2,10.1,3.75
2017-12-29,30.7,23.3,26.9,82.0,18.23,0.0,5.9,3.7
2017-12-30,31.6,22.7,27.0,75.0,18.53,0.0,13.9,4.06
2017-12-31,30.6,22.2,26.1,64.0,20.09,0.0,13.8,4.77
2018-01-01,29.2,22.1,25.3,71.0,17.33,0.0,9.8,3.78
2018-01-02,30.6,21.2,25.6,72.0,19.99,0.0,10.8,4.28
2018-01-03,31.8,22.6,26.6,77.0,19.61,0.0,16.5,4.24
2018-01-04,31.6,24.6,27.4,76.0,17.48,0.0,16.1,3.95
2018-01-05,30.7,24.1,26.8,80.0,11.25,0.0,17.8,2.87
2018-01-06,31.9,24.3,27.1,77.0,15.74,0.3,21.0,4.02
2018-01-07,31.4,23.9,27.0,79.0,18.02,2.0,17.1,4.13
2018-01-08,32.2,23.8,27.2,78.0,17.81,0.5,16.9,4.15
2018-01-09,32.2,23.5,27.2,79.0,17.01,0.4,15.8,3.84
2018-01-10,31.4,24.3,27.0,76.0,16.06,0.8,14.3,3.71
2018-01-11,31.8,22.5,26.8,66.0,20.28,0.0,11.9,4.72
2018-01-12,31.2,21.8,25.9,60.0,19.59,0.2,14.4,4.93
2018-01-13,30.8,21.2,25.6,62.0,21.07,0.0,14.1,4.79
2018-01-14,29.4,23.1,25.8,64.0,13.04,0.0,14.3,3.28
2018-01-15,31.9,22.7,26.7,69.0,18.25,0.0,15.1,4.17
2018-01-16,29.4,23.4,26.1,79.0,11.48,1.9,13.8,2.63
2018-01-17,28.3,23.6,25.9,79.0,8.81,0.6,11.9,2.04
2018-01-18,31.5,23.0,26.9,73.0,17.81,0.0,15.3,4.05
2018-01-19,30.1,23.7,25.7,84.0,10.08,9.2,8.7,2.27
2018-01-20,32.1,22.6,26.7,80.0,18.22,0.0,13.4,3.95
2018-01-21,31.1,24.6,27.0,77.0,15.37,0.0,15.1,3.53
2018-01-22,28.7,24.4,26.2,81.0,5.56,0.1,11.2,1.63
2018-01-23,31.3,24.1,26.9,80.0,16.39,3.6,7.9,3.52
2018-01-24,31.0,24.0,26.5,79.0,15.8,1.1,12.7,3.45
2018-01-25,30.3,23.3,26.2,79.0,16.24,0.8,12.5,3.59
2018-01-26,31.1,23.1,26.1,82.0,14.88,10.3,13.0,3.18
2018-01-27,30.5,23.5,26.5,84.0,14.85,3.2,10.2,3.17
2018-01-28,30.6,23.9,26.5,83.0,15.3,2.7,10.8,3.31
2018-01-29,30.1,23.8,26.5,80.0,16.01,0.7,12.4,3.51
2018-01-30,30.7,23.5,26.5,79.0,19.17,0.0,14.6,4.09
2018-01-31,31.2,23.6,26.7,81.0,19.49,0.3,16.0,4.15
2018-02-01,31.1,23.9,26.7,74.0,21.06,0.0,16.6,4.74
2018-02-02,30.8,23.2,26.3,71.0,17.8,0.3,15.9,4.07
2018-02-03,30.8,22.2,25.8,69.0,22.04,0.0,16.4,4.94
2018-02-04,30.1,19.4,25.0,69.0,22.36,0.0,14.3,4.71
2018-02-05,29.7,19.4,24.6,62.0,22.99,0.0,16.1,5.07
2018-02-06,28.8,18.9,23.7,62.0,21.81,0.0,13.8,4.7
2018-02-07,28.2,19.2,23.6,71.0,18.39,0.0,16.8,3.97
2018-02-08,29.2,19.4,24.0,69.0,20.1,0.0,20.6,4.46
2018-02-09,30.0,20.4,24.3,73.0,20.84,0.0,19.1,4.53
2018-02-10,30.8,20.8,25.2,72.0,17.92,0.0,18.4,4.18
2018-02-11,31.0,20.9,25.6,70.0,18.14,0.0,22.2,4.26
2018-02-12,32.8,21.8,26.6,63.0,23.24,0.0,18.9,5.27
2018-02-13,31.6,20.5,25.8,61.0,21.48,0.0,17.4,5.02
2018-02-14,32.5,21.0,26.2,69.0,23.45,0.0,18.9,5.23
2018-02-15,33.3,21.3,26.6,72.0,23.45,0.0,16.9,5.34
2018-02-16,33.5,23.9,27.3,68.0,19.0,0.0,18.8,4.78
2018-02-17,32.0,23.2,27.0,71.0,20.49,0.0,24.1,4.97
2018-02-18,32.1,23.4,27.3,74.0,15.04,2.6,17.3,3.87
2018-02-19,35.6,24.3,28.6,61.0,22.72,0.0,24.5,6.39
2018-02-20,34.6,24.4,28.2,55.0,23.66,0.0,21.8,6.17
2018-02-21,34.2,23.7,27.9,63.0,20.25,0.0,18.9,5.51
2018-02-22,34.1,23.8,28.4,65.0,19.71,0.0,19.9,5.13
2018-02-23,35.2,24.3,28.5,63.0,21.54,0.1,19.0,5.57
2018-02-24,35.6,23.1,28.5,57.0,24.41,0.0,18.5,6.26
2018-02-25,34.9,23.0,28.3,60.0,22.51,0.0,19.7,5.82
2018-02-26,34.4,23.7,28.2,61.0,23.83,0.0,17.4,5.75
2018-02-27,33.9,23.6,28.4,62.0,20.88,0.0,18.5,5.39
2018-02-28,34.0,24.8,28.6,61.0,19.83,0.1,18.9,5.1
2018-03-01,32.7,25.0,27.9,70.0,15.96,3.1,16.3,4.2
2018-03-02,32.8,24.7,28.2,72.0,19.42,0.1,17.2,4.86
2018-03-03,33.3,25.1,28.0,74.0,18.79,0.8,19.7,4.76
2018-03-04,34.3,23.7,28.2,72.0,21.41,0.0,21.5,5.08
2018-03-05,33.9,25.0,28.4,71.0,18.42,0.8,18.8,4.81
2018-03-06,35.6,23.7,28.4,70.0,22.59,0.1,21.3,5.58
2018-03-07,36.7,23.1,29.1,61.0,25.17,0.0,21.9,6.58
2018-03-08,36.2,23.5,28.9,62.0,24.57,0.0,20.8,6.24
2018-03-09,34.9,24.2,29.0,62.0,23.41,0.0,12.8,5.52
2018-03-10,33.3,24.2,28.7,59.0,22.71,0.0,12.9,5.33
2018-03-11,34.3,24.6,28.6,59.0,24.57,0.0,17.0,5.76
2018-03-12,34.5,24.1,28.7,60.0,23.0,0.0,20.8,5.93
2018-03-13,34.6,24.5,28.8,57.0,22.78,0.0,16.5,5.88
2018-03-14,33.7,24.7,28.1,65.0,21.1,0.0,20.8,5.63
2018-03-15,32.4,24.5,27.6,72.0,19.48,3.0,15.6,4.78
2018-03-16,32.0,24.5,27.3,75.0,17.47,2.0,16.3,4.27
2018-03-17,34.4,24.2,28.2,70.0,20.48,0.2,22.2,5.39
2018-03-18,35.8,24.5,29.1,62.0,23.25,0.0,18.8,6.32
2018-03-19,34.7,24.3,28.6,67.0,21.86,0.0,18.8,5.52
2018-03-20,34.9,24.5,28.6,73.0,22.87,0.0,18.4,5.61
2018-03-21,34.4,24.8,28.3,73.0,20.91,10.4,15.6,4.77
2018-03-22,32.4,24.6,27.3,76.0,18.77,2.8,13.2,4.18
2018-03-23,34.0,24.7,28.3,62.0,23.88,0.3,17.9,5.75
2018-03-24,34.9,23.6,28.5,58.0,24.11,0.0,19.0,6.06
2018-03-25,33.6,24.2,28.7,60.0,21.9,0.0,16.7,5.5
2018-03-26,34.8,23.4,28.4,64.0,20.99,0.1,19.4,5.43
2018-03-27,35.5,23.2,28.4,64.0,24.79,0.0,18.5,6.15
2018-03-28,32.9,24.0,27.9,69.0,20.03,0.3,18.5,4.93
2018-03-29,34.0,25.0,28.5,64.0,21.89,0.4,16.4,5.7
2018-03-30,33.9,25.1,28.0,71.0,19.93,1.2,16.2,4.88
2018-03-31,31.4,24.7,27.2,74.0,16.54,1.2,18.3,4.1
2018-04-01,32.5,24.4,27.8,68.0,21.24,0.3,20.1,5.14
2018-04-02,33.0,24.1,27.7,65.0,20.05,0.2,19.7,5.07
2018-04-03,32.3,24.0,27.8,69.0,19.58,0.3,18.7,4.75
2018-04-04,33.9,24.9,28.1,66.0,20.37,0.0,19.7,5.5
2018-04-05,32.8,24.7,28.2,70.0,19.57,0.0,22.3,5.04
2018-04-06,33.3,25.4,28.5,70.0,19.66,0.2,16.5,5.16
2018-04-07,35.4,25.3,29.4,63.0,21.42,0.5,13.8,5.4
2018-04-08,33.3,26.1,28.5,62.0,17.59,0.7,11.5,4.36
2018-04-09,36.3,23.9,29.3,59.0,23.68,0.0,18.6,6.1
2018-04-10,35.0,25.6,29.7,60.0,18.73,0.1,17.1,5.47
2018-04-11,36.1,26.0,29.7,66.0,21.79,0.5,19.6,5.86
2018-04-12,36.4,25.9,29.7,69.0,23.98,0.0,20.9,6.19
2018-04-13,36.0,25.5,29.7,69.0,23.35,0.0,22.6,6.13
2018-04-14,37.1,25.4,29.8,70.0,22.38,0.1,19.5,5.88
2018-04-15,35.5,26.1,30.0,69.0,21.28,0.2,17.0,5.57
2018-04-16,37.0,25.9,30.2,65.0,22.65,0.0,21.8,6.0
2018-04-17,34.9,26.3,30.2,61.0,20.2,0.1,14.2,5.16
2018-04-18,33.9,26.2,29.5,66.0,20.04,0.6,19.4,5.25
2018-04-19,36.3,26.3,29.9,62.0,20.26,0.1,17.3,5.75
2018-04-20,36.4,25.9,29.8,64.0,21.88,0.0,23.3,6.09
2018-04-21,35.4,25.8,29.6,65.0,22.24,0.0,21.7,6.03
2018-04-22,34.8,26.0,29.6,70.0,22.07,1.1,19.4,5.62
2018-04-23,35.6,26.6,29.4,75.0,19.83,3.5,17.8,4.85
2018-04-24,34.4,26.7,29.5,73.0,20.07,1.4,15.2,4.98
2018-04-25,34.6,26.3,29.7,73.0,21.13,1.7,17.4,5.22
2018-04-26,35.5,26.2,29.9,72.0,22.8,2.7,18.4,5.66
2018-04-27,36.3,25.9,30.0,68.0,21.81,0.6,22.0,5.5
2018-04-28,35.7,26.7,30.4,65.0,20.44,0.0,19.4,5.88
2018-04-29,34.2,26.2,29.1,72.0,16.62,0.7,16.6,4.37
2018-04-30,34.2,26.2,29.4,72.0,21.01,0.7,19.6,5.15
2018-05-01,34.8,25.9,29.6,72.0,21.52,1.3,15.6,5.23
2018-05-02,34.7,25.1,29.4,72.0,23.01,6.3,13.5,5.35
2018-05-03,33.5,25.4,28.9,75.0,19.2,4.3,16.6,4.52
2018-05-04,31.4,25.7,27.8,80.0,14.08,6.7,15.9,3.28
2018-05-05,30.6,25.0,27.6,79.0,17.36,7.2,14.6,3.92
2018-05-06,31.9,25.8,28.2,80.0,18.89,5.1,15.4,4.19
2018-05-07,32.7,26.2,28.2,82.0,16.17,11.3,13.2,3.59
2018-05-08,32.8,26.4,28.2,82.0,15.73,9.6,14.6,3.54
2018-05-09,32.2,25.9,28.2,82.0,19.82,3.3,15.2,4.26
2018-05-10,32.6,25.6,28.6,79.0,21.0,3.7,10.5,4.52
2018-05-11,32.6,25.7,28.8,76.0,20.24,0.4,12.3,4.62
2018-05-12,33.2,26.1,29.1,75.0,21.57,0.7,12.6,5.01
2018-05-13,32.2,23.8,28.0,80.0,18.98,12.0,13.9,4.13
2018-05-14,33.6,25.4,29.0,76.0,21.15,2.9,13.3,4.78
2018-05-15,32.8,26.3,29.0,77.0,19.84,3.8,10.9,4.45
2018-05-16,32.9,25.7,28.8,79.0,21.84,2.1,13.8,4.85
2018-05-17,33.1,25.6,28.8,77.0,20.92,0.8,14.7,4.68
2018-05-18,33.0,25.9,28.9,79.0,21.33,6.2,8.0,4.63
2018-05-19,33.6,25.7,28.7,79.0,21.84,8.3,9.4,4.72
2018-05-20,32.2,26.4,28.4,81.0,17.8,4.9,9.4,3.83
2018-05-21,32.2,26.1,28.6,79.0,19.59,6.4,13.9,4.24
2018-05-22,30.7,25.7,27.2,85.0,13.59,13.0,11.3,2.94
2018-05-23,31.9,25.6,28.2,81.0,17.98,8.3,13.4,4.03
2018-05-24,31.4,26.3,28.0,83.0,17.04,9.2,16.1,3.73
2018-05-25,33.2,25.3,29.0,77.0,23.37,0.4,11.2,5.16
2018-05-26,32.3,26.4,28.8,82.0,16.05,16.0,15.5,3.43
2018-05-27,33.6,25.5,29.1,78.0,21.3,1.4,13.9,4.8
2018-05-28,31.8,25.9,28.5,84.0,18.79,11.0,10.7,4.07
2018-05-29,31.0,25.7,27.9,84.0,16.84,7.2,20.7,3.55
2018-05-30,33.5,25.9,29.0,79.0,21.43,1.3,14.3,4.77
2018-05-31,31.9,25.0,28.0,81.0,16.59,12.8,10.6,3.66
2018-06-01,31.6,24.6,27.4,84.0,19.66,32.8,10.6,4.16
2018-06-02,27.1,24.0,25.5,93.0,5.02,33.8,9.0,1.21
2018-06-03,28.0,24.4,25.6,88.0,7.36,5.5,14.8,1.74
2018-06-04,30.0,24.4,26.2,89.0,13.37,12.6,17.3,2.68
2018-06-05,32.0,25.0,27.3,86.0,17.26,9.0,20.1,3.65
2018-06-06,32.0,25.2,27.8,84.0,19.14,5.4,18.9,4.13
2018-06-07,32.4,25.0,27.8,84.0,19.92,4.6,21.0,4.27
2018-06-08,30.7,25.5,27.4,86.0,13.22,4.6,19.5,3.02
2018-06-09,31.8,25.2,27.4,83.0,17.28,9.5,17.7,3.99
2018-06-10,29.7,25.1,27.3,85.0,10.47,4.3,17.9,2.56
2018-06-11,30.7,25.0,27.2,83.0,13.33,3.4,13.8,3.12
2018-06-12,31.4,24.9,27.3,85.0,15.58,5.8,13.7,3.37
2018-06-13,31.4,25.5,27.7,85.0,15.43,3.0,15.5,3.38
2018-06-14,30.5,25.8,27.8,84.0,11.99,3.4,18.8,2.87
2018-06-15,31.4,25.7,27.7,81.0,16.55,2.8,22.5,3.8
2018-06-16,29.4,25.4,27.0,85.0,11.83,8.5,19.8,2.82
2018-06-17,30.5,25.3,27.3,82.0,15.51,0.7,25.1,3.69
2018-06-18,29.3,24.9,26.5,87.0,14.1,8.3,19.3,3.04
2018-06-19,30.0,25.1,26.8,88.0,15.17,11.3,20.6,3.18
2018-06-20,31.4,24.9,27.5,87.0,20.41,6.2,21.6,4.15
2018-06-21,31.0,25.3,27.8,83.0,20.21,5.3,14.5,4.29
2018-06-22,32.1,24.9,27.5,85.0,19.95,10.4,12.8,4.16
2018-06-23,31.9,25.1,27.9,81.0,19.73,0.6,12.8,4.31
2018-06-24,31.8,25.6,27.9,82.0,19.63,6.3,13.8,4.28
2018-06-25,31.3,24.9,27.2,85.0,17.98,7.2,13.6,3.83
2018-06-26,30.3,24.6,26.7,86.0,16.91,11.2,10.1,3.52
2018-06-27,29.5,24.0,26.4,88.0,14.39,5.1,9.5,2.94
2018-06-28,31.3,24.2,27.3,84.0,20.78,5.3,8.7,4.28
2018-06-29,31.7,24.2,27.4,83.0,21.17,22.2,12.4,4.4
2018-06-30,32.0,25.0,27.8,85.0,20.37,6.8,11.2,4.26
2018-07-01,31.1,25.0,27.4,85.0,18.58,7.4,13.0,3.88
2018-07-02,30.6,25.0,27.2,86.0,18.99,14.4,18.5,3.93
2018-07-03,30.9,24.5,26.8,86.0,18.83,11.6,16.0,3.89
2018-07-04,31.2,24.3,27.1,82.0,19.5,3.5,20.3,4.27
2018-07-05,30.9,24.6,27.0,82.0,19.03,12.1,20.6,4.09
2018-07-06,29.2,24.0,26.5,84.0,14.47,16.0,22.5,3.24
2018-07-07,29.8,24.9,26.5,87.0,13.41,12.8,18.9,2.91
2018-07-08,31.7,24.7,26.7,86.0,18.0,35.6,14.2,3.8
2018-07-09,29.7,24.1,26.2,90.0,14.84,37.3,17.3,3.0
2018-07-10,29.3,24.9,26.4,89.0,13.24,12.9,21.8,2.81
2018-07-11,29.9,24.4,26.3,87.0,14.73,12.7,26.0,3.1
2018-07-12,28.9,24.4,26.4,86.0,12.52,5.0,25.2,2.97
2018-07-13,30.7,25.0,26.6,87.0,14.66,11.2,19.4,3.22
2018-07-14,29.6,25.2,26.5,88.0,14.0,8.6,24.7,3.09
2018-07-15,28.9,24.8,26.7,86.0,12.19,6.3,23.4,2.88
2018-07-16,30.9,25.2,27.4,82.0,16.73,3.2,23.8,3.92
2018-07-17,29.2,24.9,26.3,90.0,13.5,17.0,21.3,2.81
2018-07-18,29.3,25.2,26.7,89.0,14.12,14.7,26.2,3.03
2018-07-19,29.2,24.3,26.5,88.0,10.67,5.4,18.6,2.4
2018-07-20,29.1,25.4,27.0,88.0,12.74,7.0,17.5,2.75
2018-07-21,30.4,25.1,27.0,87.0,13.55,8.5,18.7,2.94
2018-07-22,29.1,26.2,27.1,85.0,13.28,12.0,23.5,3.08
2018-07-23,31.1,25.7,27.5,83.0,15.15,7.4,22.7,3.51
2018-07-24,30.8,25.7,27.4,84.0,15.99,4.9,19.1,3.56
2018-07-25,29.4,25.2,27.1,86.0,16.31,8.7,20.8,3.46
2018-07-26,31.2,25.1,27.7,84.0,20.01,7.2,16.0,4.24
2018-07-27,30.9,25.3,27.5,85.0,17.66,4.3,19.5,3.75
2018-07-28,30.3,25.2,27.1,88.0,16.64,11.0,18.9,3.46
2018-07-29,29.2,25.2,26.8,88.0,10.55,4.7,17.8,2.36
2018-07-30,30.6,24.8,26.5,89.0,15.42,10.9,21.6,3.16
2018-07-31,31.4,24.4,27.3,84.0,21.16,1.8,17.7,4.41
2018-08-01,31.9,24.6,28.0,79.0,22.62,0.6,15.3,5.06
2018-08-02,31.6,25.2,27.3,81.0,21.01,10.9,19.5,4.64
2018-08-03,29.8,25.1,26.9,82.0,15.38,5.0,19.0,3.52
2018-08-04,31.2,24.8,27.0,84.0,19.84,9.9,21.4,4.19
2018-08-05,31.0,25.0,26.4,89.0,14.63,26.2,19.1,3.05
2018-08-06,30.0,24.7,26.1,91.0,10.44,33.9,15.8,2.25
2018-08-07,28.2,24.5,25.7,92.0,8.9,22.9,18.2,1.9
2018-08-08,29.9,24.3,25.8,90.0,14.23,17.4,18.0,2.96
2018-08-09,28.6,24.2,26.0,87.0,10.29,3.6,23.3,2.5
2018-08-10,29.1,24.2,26.1,88.0,16.87,7.7,26.6,3.35
2018-08-11,30.7,24.4,26.7,84.0,18.15,5.0,25.2,3.91
2018-08-12,30.4,24.8,27.1,82.0,19.13,5.5,29.6,4.27
2018-08-13,29.6,24.3,26.5,85.0,13.92,7.3,20.2,3.16
2018-08-14,29.4,25.0,26.7,88.0,14.23,12.8,22.0,2.95
2018-08-15,28.8,25.3,26.8,88.0,12.93,8.2,19.9,2.83
2018-08-16,31.1,25.1,27.3,83.0,17.89,2.8,24.0,3.93
2018-08-17,31.1,25.1,27.4,83.0,17.31,6.7,23.6,3.83
2018-08-18,28.4,24.2,26.5,88.0,12.05,30.2,27.6,2.61
2018-08-19,29.1,24.2,26.0,90.0,9.85,16.0,13.0,2.14
2018-08-20,30.3,24.6,26.8,88.0,13.88,7.2,14.3,3.01
2018-08-21,31.4,24.6,26.9,87.0,17.46,6.5,22.4,3.65
2018-08-22,31.3,24.7,27.1,87.0,18.55,8.6,17.2,3.91
2018-08-23,30.9,25.0,27.0,86.0,16.42,13.8,20.9,3.57
2018-08-24,31.9,24.7,27.2,88.0,18.61,7.6,16.3,3.82
2018-08-25,31.5,24.6,27.0,86.0,19.2,7.9,15.5,4.01
2018-08-26,31.2,24.6,27.0,84.0,17.61,6.4,17.4,3.8
2018-08-27,28.9,24.9,26.5,87.0,16.32,12.5,22.0,3.25
2018-08-28,30.9,24.6,27.0,85.0,18.36,9.7,16.8,3.83
2018-08-29,32.0,24.1,27.2,83.0,22.26,5.8,16.5,4.63
2018-08-30,30.6,24.5,27.1,84.0,19.61,5.6,22.6,4.13
2018-08-31,31.4,24.6,27.5,84.0,22.04,2.2,15.5,4.51
2018-09-01,30.9,24.7,27.2,84.0,18.44,8.4,13.4,3.87
2018-09-02,31.5,24.5,27.1,86.0,19.92,4.3,15.9,4.09
2018-09-03,27.8,24.2,25.8,91.0,9.38,19.4,17.9,1.99
2018-09-04,28.3,24.3,26.1,89.0,12.86,12.0,18.7,2.64
2018-09-05,31.1,24.7,27.3,84.0,18.89,5.6,14.1,4.04
2018-09-06,31.6,24.3,27.2,84.0,21.01,6.1,12.9,4.33
2018-09-07,31.0,24.4,27.0,86.0,20.25,8.8,12.7,4.16
2018-09-08,30.2,23.6,25.7,90.0,13.91,13.0,13.7,2.92
2018-09-09,31.1,24.3,26.8,86.0,20.7,3.7,16.0,4.23
2018-09-10,31.0,24.6,27.1,85.0,19.01,10.1,10.2,3.93
2018-09-11,30.9,24.5,27.1,87.0,18.66,9.7,10.4,3.85
2018-09-12,29.9,24.9,26.4,90.0,13.62,27.5,15.5,2.78
2018-09-13,29.7,24.4,26.2,90.0,14.98,22.3,18.5,3.07
2018-09-14,28.7,23.7,25.6,90.0,12.43,20.5,14.0,2.56
2018-09-15,29.7,24.3,26.2,90.0,16.04,13.2,16.8,3.24
2018-09-16,28.9,24.7,25.9,90.0,11.91,22.4,17.3,2.48
2018-09-17,29.0,24.1,25.7,90.0,10.88,8.2,20.7,2.33
2018-09-18,29.1,24.1,25.7,91.0,12.49,22.6,16.1,2.54
2018-09-19,31.0,23.5,26.6,87.0,19.58,10.3,11.8,3.98
2018-09-20,30.6,23.4,26.3,88.0,17.56,11.7,10.0,3.62
2018-09-21,30.8,24.4,26.6,87.0,17.37,8.1,13.4,3.58
2018-09-22,29.8,23.8,26.1,89.0,15.84,9.8,15.2,3.19
2018-09-23,30.2,23.6,26.4,88.0,17.92,7.1,16.4,3.54
2018-09-24,29.0,24.8,26.6,89.0,13.28,2.7,8.2,2.76
2018-09-25,31.0,23.8,27.0,86.0,20.45,7.1,10.6,4.2
2018-09-26,32.0,24.3,27.6,83.0,22.24,4.1,9.7,4.61
2018-09-27,31.1,24.6,27.5,84.0,18.81,3.0,10.9,3.88
2018-09-28,31.8,25.0,27.6,85.0,17.89,11.6,13.3,3.75
2018-09-29,31.1,24.6,27.2,86.0,18.67,6.0,12.3,3.85
2018-09-30,30.0,25.5,27.4,85.0,16.52,2.5,7.3,3.44
2018-10-01,29.5,24.9,27.1,87.0,13.18,10.8,6.4,2.69
2018-10-02,30.4,23.9,26.4,90.0,16.76,25.7,6.2,3.46
2018-10-03,30.1,23.7,26.0,89.0,13.78,30.2,8.3,2.88
2018-10-04,29.0,24.1,25.7,91.0,11.39,25.7,15.1,2.38
2018-10-05,27.2,24.2,25.4,91.0,6.71,21.9,9.7,1.54
2018-10-06,30.6,23.7,26.8,84.0,17.78,8.4,10.8,3.64
2018-10-07,30.9,24.6,27.0,86.0,18.0,12.6,13.3,3.68
2018-10-08,30.8,24.0,27.0,84.0,19.74,4.2,11.4,4.09
2018-10-09,32.0,23.9,27.5,78.0,22.89,0.2,13.4,4.92
2018-10-10,31.7,24.0,27.6,82.0,21.41,0.3,10.7,4.56
2018-10-11,32.1,24.8,28.1,81.0,20.96,0.8,11.4,4.49
2018-10-12,31.2,25.0,28.0,82.0,20.47,1.3,11.2,4.3
2018-10-13,31.1,24.7,27.4,85.0,19.47,0.6,12.1,4.06
2018-10-14,30.7,24.3,26.8,89.0,17.18,1.1,14.0,3.58
2018-10-15,30.5,24.1,27.0,86.0,16.8,1.6,10.6,3.54
2018-10-16,30.3,25.0,27.1,86.0,17.42,3.1,12.2,3.59
2018-10-17,30.9,24.9,27.2,87.0,18.47,6.6,7.4,3.82
2018-10-18,31.0,24.3,26.9,86.0,19.17,20.4,14.2,3.95
2018-10-19,27.8,23.7,25.5,91.0,10.03,17.9,15.5,2.14
2018-10-20,30.1,24.5,26.8,84.0,17.44,2.3,21.9,3.82
2018-10-21,31.2,24.7,27.3,84.0,19.27,3.3,13.8,4.0
2018-10-22,31.6,24.3,27.4,83.0,20.53,4.8,8.3,4.32
2018-10-23,31.4,24.1,26.9,86.0,19.82,4.0,10.7,4.04
2018-10-24,30.1,24.2,26.5,87.0,18.31,5.1,14.6,3.74
2018-10-25,31.1,24.2,27.3,83.0,19.08,2.0,15.5,4.0
2018-10-26,31.4,24.6,27.6,83.0,20.8,0.3,9.3,4.37
2018-10-27,31.7,24.2,27.8,82.0,21.66,1.5,6.4,4.49
2018-10-28,31.8,24.6,27.7,81.0,22.0,0.3,12.3,4.68
2018-10-29,31.4,24.7,27.6,81.0,20.2,0.4,14.6,4.29
2018-10-30,30.1,22.1,26.4,75.0,17.85,0.2,11.0,3.84
2018-10-31,30.2,20.8,25.7,69.0,21.87,0.0,12.0,4.78
2018-11-01,30.4,22.1,26.4,78.0,19.08,0.4,12.1,4.15
2018-11-02,30.8,23.5,27.2,78.0,20.55,0.4,7.8,4.27
2018-11-03,31.8,23.9,27.4,82.0,20.39,4.0,6.9,4.25
2018-11-04,31.3,24.2,27.5,83.0,19.71,1.1,9.9,4.16
2018-11-05,31.8,24.9,27.9,81.0,19.93,0.1,12.4,4.26
2018-11-06,32.1,24.0,27.9,79.0,20.08,0.7,11.4,4.36
2018-11-07,28.4,25.1,26.9,85.0,9.33,1.6,17.3,2.31
2018-11-08,32.0,24.5,27.6,78.0,17.67,1.0,14.0,4.05
2018-11-09,32.7,24.3,28.0,74.0,20.67,0.1,13.7,4.72
2018-11-10,32.8,23.9,28.0,71.0,22.05,0.0,11.4,4.94
2018-11-11,32.5,24.8,28.0,74.0,20.15,0.2,12.8,4.52
2018-11-12,31.7,24.3,27.6,79.0,19.09,1.5,12.1,4.16
2018-11-13,31.5,24.6,27.4,81.0,17.82,1.1,13.3,3.85
2018-11-14,31.4,24.1,27.2,81.0,17.4,0.8,16.2,3.8
2018-11-15,32.5,23.9,27.7,75.0,19.22,0.0,13.9,4.42
2018-11-16,32.0,24.6,27.6,76.0,19.19,0.4,15.1,4.35
2018-11-17,31.5,23.8,27.5,81.0,15.83,0.2,13.4,3.52
2018-11-18,26.6,24.0,25.2,93.0,4.18,20.6,15.4,1.02
2018-11-19,29.4,24.1,26.2,87.0,14.74,13.7,20.9,3.12
2018-11-20,31.2,24.1,27.2,79.0,19.71,0.2,13.7,4.42
2018-11-21,31.6,23.3,27.2,79.0,19.41,0.3,14.8,4.21
2018-11-22,31.4,22.9,27.1,77.0,21.64,0.0,12.9,4.47
2018-11-23,30.4,23.9,27.1,79.0,11.55,0.0,12.9,2.74
2018-11-24,29.9,23.5,26.2,78.0,10.02,10.4,22.3,3.0
2018-11-25,25.1,23.6,24.4,91.0,1.52,127.0,39.1,0.99
2018-11-26,27.9,23.4,24.9,86.0,9.18,7.6,33.2,2.4
2018-11-27,30.4,23.8,26.6,84.0,18.44,0.7,15.5,3.9
2018-11-28,30.1,23.2,26.5,84.0,17.05,0.8,10.9,3.57
2018-11-29,31.4,23.4,27.4,82.0,19.75,0.0,13.0,4.15
2018-11-30,31.3,23.6,27.3,82.0,19.5,0.2,8.6,4.07
2018-12-01,31.2,23.9,27.3,84.0,18.43,0.6,9.6,3.89
2018-12-02,31.6,23.7,27.6,79.0,20.1,0.1,10.5,4.22
2018-12-03,31.8,24.2,27.7,79.0,18.44,0.0,14.2,4.08
2018-12-04,31.7,24.2,27.7,78.0,18.79,0.0,12.8,4.13
2018-12-05,31.9,22.9,27.3,77.0,20.91,0.0,9.1,4.41
2018-12-06,32.3,23.8,28.0,79.0,19.36,0.5,12.7,4.19
2018-12-07,31.4,24.4,27.9,79.0,17.83,0.7,13.6,3.9
2018-12-08,31.8,24.8,27.9,76.0,17.42,0.0,11.6,3.96
2018-12-09,31.7,24.2,27.5,80.0,16.92,2.3,12.8,3.68
2018-12-10,32.4,24.1,28.1,76.0,19.8,0.0,13.7,4.42
2018-12-11,31.6,24.5,27.7,78.0,17.65,0.6,12.4,3.95
2018-12-12,31.9,23.1,27.8,78.0,20.46,0.0,6.3,4.28
2018-12-13,30.7,24.6,27.3,80.0,15.39,3.1,8.3,3.31
2018-12-14,31.7,22.8,27.2,75.0,19.08,0.0,14.3,4.26
2018-12-15,31.8,24.2,27.3,78.0,18.02,0.7,10.5,3.88
2018-12-16,31.5,23.7,27.5,79.0,18.26,0.3,11.2,3.97
2018-12-17,30.7,24.8,27.6,79.0,15.25,0.0,6.1,3.24
2018-12-18,31.7,23.6,27.5,78.0,19.64,0.0,9.0,4.19
2018-12-19,30.9,24.7,27.7,77.0,17.28,0.3,13.0,3.77
2018-12-20,31.6,24.3,27.2,82.0,17.39,2.2,14.1,3.75
2018-12-21,32.1,23.8,27.5,79.0,18.16,0.0,15.4,3.99
2018-12-22,31.2,23.8,27.2,79.0,14.55,0.4,13.3,3.34
2018-12-23,31.4,23.7,27.1,79.0,15.59,0.8,12.6,3.38
2018-12-24,29.9,24.4,26.8,85.0,12.25,2.8,7.4,2.61
2018-12-25,29.7,24.8,26.4,89.0,11.24,9.3,13.9,2.41
2018-12-26,30.0,23.8,26.5,85.0,12.72,8.8,8.1,2.67
2018-12-27,29.5,23.4,25.9,86.0,12.06,12.3,13.1,2.64
2018-12-28,25.8,22.2,24.2,91.0,6.79,15.2,12.6,1.49
2018-12-29,29.9,23.0,25.5,87.0,15.54,11.1,12.2,3.11
2018-12-30,28.1,23.2,25.4,85.0,8.68,3.0,18.2,2.16
2018-12-31,31.1,23.2,26.7,63.0,17.64,0.1,21.4,5.22
2019-01-01,29.1,23.8,25.9,64.0,9.78,0.2,24.9,3.96
2019-01-02,25.3,22.4,23.7,79.0,5.66,7.6,19.6,2.1
2019-01-03,30.3,22.1,26.0,75.0,16.31,0.1,24.1,3.95
2019-01-04,30.9,23.3,27.2,72.0,19.45,0.1,23.7,4.97
2019-01-05,31.4,24.0,27.1,71.0,20.73,0.0,17.4,4.95
2019-01-06,31.8,22.5,27.0,74.0,20.08,0.0,15.8,4.61
2019-01-07,31.4,21.2,26.5,71.0,21.46,0.0,10.7,4.61
2019-01-08,29.6,21.2,25.8,75.0,15.88,0.3,17.4,3.64
2019-01-09,31.6,21.4,26.4,73.0,20.65,0.0,13.6,4.62
2019-01-10,31.8,22.9,27.0,68.0,20.04,0.0,15.5,4.83
2019-01-11,31.2,22.1,26.5,74.0,19.07,0.2,10.5,4.13
2019-01-12,30.2,24.0,26.7,73.0,10.92,0.0,10.5,2.77
2019-01-13,31.6,23.1,27.2,71.0,19.77,0.1,13.0,4.38
2019-01-14,32.1,22.2,26.8,72.0,21.24,0.0,15.1,4.75
2019-01-15,31.3,23.6,26.9,76.0,16.66,0.0,14.1,3.75
2019-01-16,31.8,23.4,27.2,76.0,17.56,0.0,14.7,3.95
2019-01-17,32.2,23.9,27.4,67.0,18.39,0.8,15.8,4.44
2019-01-18,31.9,22.1,26.9,68.0,20.85,0.0,14.3,4.73
2019-01-19,32.3,20.8,26.7,66.0,21.47,0.0,19.4,4.94
2019-01-20,32.8,24.0,27.6,69.0,19.87,0.0,18.6,4.72
2019-01-21,34.2,23.2,27.5,69.0,19.17,0.0,17.2,4.68
2019-01-22,31.4,23.7,26.9,73.0,19.56,0.2,14.7,4.35
2019-01-23,31.9,21.6,26.4,66.0,19.85,0.0,17.7,4.57
2019-01-24,31.0,20.3,25.6,66.0,21.44,0.0,19.9,4.68
2019-01-25,32.3,20.0,25.9,63.0,22.69,0.0,16.4,5.05
2019-01-26,31.9,20.1,25.8,67.0,20.13,0.0,18.2,4.46
2019-01-27,31.1,21.5,26.2,62.0,18.91,0.0,15.9,4.34
2019-01-28,32.2,21.3,26.4,61.0,19.49,0.0,17.8,4.64
2019-01-29,32.2,21.8,27.0,62.0,18.1,0.0,20.0,4.65
2019-01-30,34.2,22.7,27.7,55.0,21.85,0.0,18.8,5.7
2019-01-31,32.7,22.5,27.2,55.0,20.89,0.0,17.4,5.2
2019-02-01,33.0,22.2,27.4,61.0,21.11,0.0,18.1,5.26
2019-02-02,33.3,24.3,27.9,60.0,18.1,0.0,21.4,4.74
2019-02-03,34.1,23.4,28.0,61.0,18.29,0.0,21.7,5.04
2019-02-04,33.3,23.6,27.9,67.0,17.38,0.0,20.3,4.71
2019-02-05,32.9,24.2,27.6,65.0,18.19,0.2,21.1,4.86
2019-02-06,33.3,23.4,27.3,69.0,19.35,0.0,21.1,5.12
2019-02-07,33.9,23.3,27.6,73.0,18.3,0.0,21.6,4.64
2019-02-08,34.3,23.5,27.5,74.0,20.06,0.0,21.5,4.75
2019-02-09,32.7,22.7,26.7,72.0,16.93,0.0,23.0,4.34
2019-02-10,34.4,23.1,27.5,62.0,23.43,0.0,24.0,6.35
2019-02-11,35.3,21.6,28.1,55.0,22.93,0.0,20.7,6.48
2019-02-12,35.3,24.8,28.9,53.0,19.83,0.0,22.2,6.19
2019-02-13,34.9,22.5,27.9,54.0,22.73,0.0,24.1,6.14
2019-02-14,34.7,23.6,28.1,54.0,21.79,0.0,24.4,6.1
2019-02-15,34.9,23.3,28.1,50.0,23.43,0.0,23.0,7.0
2019-02-16,35.1,23.2,28.0,62.0,21.24,0.0,22.6,5.79
2019-02-17,32.5,23.2,27.3,71.0,19.22,0.3,18.4,4.93
2019-02-18,32.8,23.1,27.1,76.0,19.58,0.1,19.6,4.78
2019-02-19,33.5,23.6,27.7,73.0,20.52,0.3,21.0,5.19
2019-02-20,34.3,23.5,28.3,67.0,22.24,0.0,19.9,5.89
2019-02-21,35.4,24.4,28.8,68.0,20.8,0.2,18.7,5.47
2019-02-22,33.4,24.6,28.1,69.0,19.53,1.1,21.0,5.24
2019-02-23,33.3,24.0,27.6,64.0,18.67,0.0,24.8,5.3
2019-02-24,34.7,23.3,27.5,64.0,23.01,0.0,23.0,5.88
2019-02-25,34.2,24.1,28.0,62.0,24.37,0.0,23.6,6.63
2019-02-26,34.1,23.6,28.1,60.0,23.68,0.0,22.4,6.53
2019-02-27,34.6,23.5,28.0,56.0,24.7,0.0,25.6,6.51
2019-02-28,34.2,23.4,27.8,60.0,23.99,0.0,24.1,6.31
2019-03-01,34.3,23.5,27.7,61.0,23.18,0.0,27.1,6.1
2019-03-02,33.8,23.2,27.3,60.0,24.52,0.0,28.3,6.44
2019-03-03,33.0,22.2,27.0,64.0,21.91,0.0,23.1,5.68
2019-03-04,33.2,22.5,27.0,69.0,22.01,0.0,20.9,5.55
2019-03-05,33.2,22.7,27.0,66.0,24.99,0.0,18.0,6.16
2019-03-06,33.8,22.1,27.2,72.0,23.09,0.0,15.5,5.44
2019-03-07,34.2,22.5,27.5,74.0,23.55,0.0,17.6,5.65
2019-03-08,34.0,24.2,28.2,71.0,22.93,0.0,17.3,5.72
2019-03-09,34.0,24.4,28.3,70.0,22.34,0.0,17.7,5.66
2019-03-10,34.4,24.0,28.4,72.0,22.15,0.1,15.0,5.38
2019-03-11,35.0,23.6,28.7,73.0,19.86,0.0,18.2,4.75
2019-03-12,33.2,25.2,28.7,74.0,18.89,0.5,17.3,4.74
2019-03-13,34.4,25.6,29.0,69.0,20.27,0.0,18.3,5.27
2019-03-14,33.8,25.2,29.0,66.0,20.68,1.6,17.2,5.64
2019-03-15,35.9,24.2,29.2,66.0,24.22,0.0,22.7,6.26
2019-03-16,33.7,25.1,29.1,67.0,22.38,0.0,18.6,5.48
2019-03-17,35.5,24.8,29.4,66.0,23.3,0.5,23.5,5.8
2019-03-18,36.6,24.7,29.5,59.0,25.06,0.0,23.7,6.65
2019-03-19,34.7,25.5,29.1,63.0,20.38,0.2,19.0,5.8
2019-03-20,34.9,25.1,29.2,64.0,23.28,0.0,19.6,6.34
2019-03-21,34.5,25.1,28.9,72.0,21.06,0.9,17.6,5.28
2019-03-22,34.4,26.0,29.3,73.0,20.88,0.7,15.4,5.13
2019-03-23,34.1,26.0,29.3,73.0,19.43,0.2,19.8,5.02
2019-03-24,35.1,26.0,29.2,71.0,19.61,2.9,22.4,5.16
2019-03-25,34.7,25.9,29.4,62.0,18.91,0.1,17.3,5.4
2019-03-26,36.7,25.7,30.2,55.0,24.47,0.0,23.5,7.05
2019-03-27,37.2,25.7,29.9,56.0,23.99,0.0,27.4,7.13
2019-03-28,35.6,25.0,29.3,69.0,23.04,0.1,20.8,5.98
2019-03-29,34.2,25.7,29.4,70.0,21.36,0.5,17.1,5.5
2019-03-30,35.1,25.8,29.3,74.0,21.69,1.1,18.5,5.39
2019-03-31,32.9,25.9,29.2,70.0,15.85,0.2,13.2,4.1
2019-04-01,34.4,25.4,29.4,68.0,21.21,0.3,19.6,5.8
2019-04-02,36.1,24.3,29.4,63.0,24.53,0.0,24.3,6.48
2019-04-03,34.5,25.8,29.0,72.0,20.85,4.7,17.0,5.23
2019-04-04,32.5,25.2,28.1,74.0,15.83,6.9,14.1,3.96
2019-04-05,33.3,24.9,28.2,69.0,17.67,1.4,18.8,4.59
2019-04-06,34.4,25.4,29.2,67.0,21.84,0.2,19.4,5.59
2019-04-07,35.2,25.2,29.7,66.0,23.22,0.1,18.8,6.12
2019-04-08,35.6,25.5,29.6,67.0,22.0,0.0,22.3,5.86
2019-04-09,36.8,25.6,30.0,65.0,23.01,0.0,21.4,6.1
2019-04-10,35.9,25.8,30.1,69.0,21.23,0.0,19.4,5.51
2019-04-11,35.9,27.0,30.3,69.0,20.03,1.1,16.0,5.3
2019-04-12,34.4,26.9,30.2,70.0,19.88,1.1,15.8,5.2
2019-04-13,36.3,27.1,30.5,70.0,23.04,0.8,20.1,6.01
2019-04-14,35.8,26.6,30.3,70.0,22.27,0.8,16.5,5.79
2019-04-15,36.4,26.5,30.7,68.0,23.05,0.1,18.3,6.02
2019-04-16,36.2,27.2,30.5,71.0,20.31,1.3,17.3,5.23
2019-04-17,33.9,25.7,29.6,76.0,20.08,6.7,13.2,4.79
2019-04-18,33.5,26.9,29.8,75.0,17.47,1.3,15.8,4.44
2019-04-19,36.0,26.7,30.6,63.0,25.14,0.0,15.5,6.51
2019-04-20,35.2,26.9,29.9,73.0,19.49,3.8,17.4,4.96
2019-04-21,35.6,27.3,30.7,66.0,23.89,0.0,20.0,6.41
2019-04-22,36.4,26.6,30.7,64.0,23.6,0.0,20.9,6.55
2019-04-23,38.2,26.7,31.4,64.0,23.58,0.3,19.2,6.47
2019-04-24,38.7,27.3,31.5,64.0,23.95,0.0,24.2,6.72
2019-04-25,36.1,27.7,30.8,66.0,21.46,0.4,21.1,6.03
2019-04-26,37.2,26.9,30.8,64.0,23.75,0.1,23.3,6.57
2019-04-27,35.7,26.5,30.4,70.0,21.82,0.4,20.2,5.73
2019-04-28,30.9,26.8,28.5,79.0,11.43,5.3,17.1,2.99
2019-04-29,36.2,25.7,30.0,71.0,22.28,0.0,22.6,5.69
2019-04-30,34.6,27.1,30.6,66.0,21.36,0.4,17.6,5.68
2019-05-01,36.1,24.9,30.8,70.0,20.39,5.1,13.9,5.08
2019-05-02,32.9,26.5,29.4,79.0,16.47,11.5,14.3,3.98
2019-05-03,35.3,26.7,30.0,77.0,20.97,1.7,15.1,4.94
2019-05-04,33.5,26.8,29.8,77.0,20.59,4.5,15.8,4.78
2019-05-05,35.6,26.4,30.1,75.0,21.84,3.1,14.4,5.2
2019-05-06,35.9,26.0,30.0,76.0,20.62,8.3,18.8,5.05
2019-05-07,34.1,27.0,29.7,77.0,19.69,5.0,13.3,4.75
2019-05-08,32.6,26.6,28.9,81.0,15.61,9.1,16.6,3.66
2019-05-09,32.8,26.6,28.2,84.0,15.29,29.5,12.8,3.5
2019-05-10,32.1,25.9,28.1,86.0,14.51,15.5,17.3,3.19
2019-05-11,31.8,26.1,27.7,88.0,14.34,27.6,13.6,3.05
2019-05-12,31.3,25.8,27.7,86.0,16.3,10.7,14.5,3.45
2019-05-13,33.0,25.8,28.6,83.0,20.9,2.0,15.2,4.52
2019-05-14,33.1,26.3,28.9,81.0,22.21,4.0,19.2,4.89
2019-05-15,32.6,26.0,28.6,82.0,21.23,5.3,12.5,4.66
2019-05-16,31.7,25.3,28.0,84.0,19.98,11.1,15.5,4.21
2019-05-17,33.2,25.5,28.6,82.0,21.46,2.3,19.5,4.63
2019-05-18,33.0,25.8,29.3,78.0,21.07,0.7,14.3,4.95
2019-05-19,33.5,26.0,29.1,80.0,21.13,2.6,13.7,4.74
2019-05-20,32.5,26.0,28.7,81.0,17.83,3.5,11.8,3.93
2019-05-21,33.1,25.6,28.1,85.0,17.58,30.8,10.9,3.82
2019-05-22,32.4,25.9,27.8,86.0,18.66,20.9,14.1,3.94
2019-05-23,32.9,25.7,28.4,84.0,19.36,11.8,11.5,4.13
2019-05-24,32.7,26.3,28.8,84.0,20.64,4.2,11.3,4.42
2019-05-25,32.4,25.4,28.2,85.0,16.73,12.4,17.1,3.64
2019-05-26,32.2,26.2,28.5,84.0,17.63,3.2,17.1,3.86
2019-05-27,30.7,26.1,28.1,85.0,11.02,3.0,12.0,2.56
2019-05-28,31.8,25.8,27.8,87.0,19.1,11.7,11.7,3.93
2019-05-29,31.8,25.4,27.6,86.0,18.72,11.7,8.8,3.94
2019-05-30,33.2,25.3,28.3,83.0,22.0,3.0,8.7,4.68
2019-05-31,32.4,25.8,29.0,80.0,20.46,0.5,10.9,4.55
2019-06-01,32.6,25.4,28.7,82.0,21.59,1.5,17.9,4.59
2019-06-02,32.5,25.8,28.2,85.0,19.89,3.9,11.9,4.25
2019-06-03,32.2,25.8,28.2,86.0,16.99,7.9,15.5,3.6
2019-06-04,31.1,26.2,27.8,87.0,13.41,11.6,10.9,2.88
2019-06-05,31.8,25.3,27.7,86.0,20.9,6.6,15.1,4.33
2019-06-06,31.2,25.1,27.0,88.0,17.39,13.7,15.7,3.59
2019-06-07,30.0,25.5,27.2,87.0,15.34,3.4,15.7,3.26
2019-06-08,31.3,24.8,27.4,87.0,20.1,8.5,17.1,4.11
2019-06-09,30.6,24.9,27.1,89.0,14.54,9.1,14.6,3.09
2019-06-10,31.7,25.3,28.2,80.0,17.51,0.3,16.7,4.1
2019-06-11,31.5,26.1,28.3,81.0,16.64,2.6,17.3,3.82
2019-06-12,32.1,25.6,28.2,85.0,17.87,15.5,15.2,3.86
2019-06-13,32.1,26.0,28.1,86.0,17.94,9.3,13.4,3.83
2019-06-14,30.9,25.7,28.0,87.0,16.9,10.2,15.9,3.54
2019-06-15,31.9,25.8,28.2,86.0,19.05,10.3,18.9,4.02
2019-06-16,31.7,25.3,27.9,87.0,16.81,9.8,15.6,3.59
2019-06-17,29.0,26.0,26.8,92.0,9.97,16.8,21.3,2.04
2019-06-18,30.2,25.4,27.0,88.0,12.97,4.6,18.1,2.8
2019-06-19,31.7,24.8,28.0,83.0,21.25,1.1,16.4,4.51
2019-06-20,33.0,26.0,28.3,84.0,20.44,7.6,15.7,4.39
2019-06-21,31.3,25.9,28.0,87.0,18.78,2.5,9.7,3.92
2019-06-22,29.9,25.4,27.2,89.0,14.45,9.1,13.6,2.97
2019-06-23,29.8,24.7,27.4,86.0,9.35,1.0,15.0,2.38
2019-06-24,30.5,25.8,27.6,87.0,15.85,7.6,15.1,3.36
2019-06-25,32.3,25.4,28.0,83.0,20.98,3.2,17.6,4.43
2019-06-26,31.2,24.8,27.6,86.0,17.2,10.8,20.8,3.73
2019-06-27,30.4,25.5,27.9,82.0,17.38,4.0,22.7,3.98
2019-06-28,29.9,25.7,27.3,85.0,16.09,8.7,22.7,3.41
2019-06-29,30.7,25.2,27.6,85.0,16.08,3.5,19.5,3.49
2019-06-30,29.5,25.6,27.1,88.0,10.85,8.3,19.8,2.39
2019-07-01,30.6,25.8,27.2,85.0,12.52,10.5,22.2,2.87
2019-07-02,29.3,25.6,26.8,87.0,11.11,16.3,23.5,2.55
2019-07-03,29.3,24.8,26.5,89.0,12.98,19.6,27.8,2.75
2019-07-04,30.3,24.4,26.8,88.0,18.7,4.1,19.0,3.73
2019-07-05,31.1,23.9,27.1,87.0,20.48,12.5,15.1,4.17
2019-07-06,30.9,24.7,27.3,86.0,18.25,16.1,14.1,3.73
2019-07-07,31.4,24.7,27.2,86.0,18.48,19.1,14.1,3.83
2019-07-08,31.8,25.3,27.5,86.0,18.92,7.4,17.7,3.98
2019-07-09,31.7,24.7,27.9,83.0,21.17,4.5,18.2,4.57
2019-07-10,31.8,24.7,28.2,81.0,22.01,0.8,14.5,4.75
2019-07-11,33.1,25.0,28.5,78.0,22.88,0.3,15.0,5.15
2019-07-12,32.2,24.8,28.3,80.0,19.22,0.8,14.5,4.34
2019-07-13,32.2,25.1,28.0,83.0,19.39,7.1,13.7,4.25
2019-07-14,31.6,24.9,27.5,85.0,18.5,15.9,15.1,3.87
2019-07-15,31.9,25.4,27.5,85.0,17.64,12.6,14.6,3.77
2019-07-16,30.4,25.4,26.7,91.0,9.07,31.3,14.4,1.98
2019-07-17,29.6,24.7,26.6,90.0,13.04,13.3,18.2,2.74
2019-07-18,30.1,24.8,26.9,88.0,14.07,5.1,17.5,3.04
2019-07-19,29.8,24.7,26.8,89.0,13.94,11.0,18.0,2.9
2019-07-20,30.7,25.1,27.2,88.0,18.01,10.1,15.8,3.7
2019-07-21,31.9,25.0,27.9,85.0,19.56,3.0,13.0,4.09
2019-07-22,32.0,25.0,27.6,86.0,20.62,5.0,12.6,4.28
2019-07-23,31.6,24.9,27.4,86.0,19.31,11.8,15.1,4.07
2019-07-24,30.6,25.0,27.2,87.0,18.98,20.6,15.9,3.85
2019-07-25,29.1,24.8,26.2,91.0,9.69,15.5,17.4,2.06
2019-07-26,31.1,24.3,26.6,87.0,16.38,3.3,12.5,3.42
2019-07-27,31.4,24.0,27.0,85.0,21.07,7.7,12.1,4.32
2019-07-28,31.1,24.2,26.8,85.0,11.88,16.7,17.3,2.87
2019-07-29,30.8,24.9,26.8,87.0,15.78,13.4,16.6,3.38
2019-07-30,30.6,24.7,26.8,88.0,15.93,14.9,21.0,3.34
2019-07-31,31.3,26.3,27.6,84.0,13.83,10.5,21.4,3.39
2019-08-01,30.7,26.4,28.0,80.0,19.09,1.5,27.7,4.49
2019-08-02,29.4,25.2,26.5,86.0,13.63,9.1,29.7,3.03
2019-08-03,29.5,25.1,26.5,87.0,12.66,9.9,24.6,2.9
2019-08-04,29.2,25.3,27.2,85.0,14.35,10.6,24.9,3.28
2019-08-05,29.0,25.5,26.7,87.0,13.37,9.1,24.2,2.99
2019-08-06,29.0,24.9,26.4,89.0,11.13,42.5,21.1,2.5
2019-08-07,29.7,24.9,26.5,87.0,11.11,11.1,20.0,2.67
2019-08-08,28.8,24.7,26.4,87.0,9.81,11.7,22.0,2.4
2019-08-09,28.7,25.0,26.1,90.0,11.34,31.3,24.6,2.5
2019-08-10,30.7,24.6,26.7,86.0,13.23,5.5,21.9,3.07
2019-08-11,30.2,24.7,27.1,86.0,18.39,6.6,21.4,3.77
2019-08-12,30.9,24.6,27.3,87.0,18.14,4.5,16.8,3.77
2019-08-13,31.1,24.6,27.6,86.0,20.19,6.2,15.5,4.2
2019-08-14,32.2,25.0,27.9,85.0,20.76,7.5,15.9,4.34
2019-08-15,31.4,25.5,27.9,84.0,19.14,3.3,19.2,4.11
2019-08-16,30.9,25.3,27.0,87.0,15.63,13.0,22.1,3.29
2019-08-17,31.3,24.7,27.1,86.0,17.84,7.5,16.3,3.66
2019-08-18,31.4,24.2,27.5,88.0,20.68,5.7,8.9,4.21
2019-08-19,32.7,24.9,28.4,80.0,22.85,0.1,14.5,5.06
2019-08-20,31.4,25.3,27.5,86.0,16.59,18.7,13.8,3.59
2019-08-21,30.5,24.9,27.2,87.0,18.82,11.5,17.4,3.8
2019-08-22,31.3,25.4,27.5,86.0,19.62,14.2,15.3,4.05
2019-08-23,31.4,24.8,27.0,88.0,18.96,10.3,13.7,3.85
2019-08-24,30.6,24.9,27.1,87.0,16.9,7.8,13.4,3.53
2019-08-25,30.3,25.1,26.9,86.0,16.44,6.5,20.9,3.53
2019-08-26,30.8,24.7,27.1,84.0,18.98,4.3,18.4,4.05
2019-08-27,31.8,24.0,27.4,83.0,22.17,3.0,17.6,4.65
2019-08-28,31.5,24.5,27.4,82.0,19.89,16.2,13.0,4.34
2019-08-29,27.9,24.5,25.8,91.0,9.31,15.5,26.7,2.1
2019-08-30,29.3,24.4,26.4,88.0,14.7,7.1,28.2,3.15
2019-08-31,31.8,24.4,27.1,85.0,18.68,6.2,18.0,3.94
2019-09-01,31.6,24.5,26.9,85.0,17.15,19.6,15.9,3.69
2019-09-02,29.1,25.2,26.2,89.0,9.03,16.4,21.0,2.17
2019-09-03,27.3,24.9,26.0,89.0,6.79,6.4,20.9,1.79
2019-09-04,30.9,25.1,26.9,85.0,16.39,6.8,28.7,3.69
2019-09-05,29.1,25.1,26.8,85.0,13.97,9.6,20.8,3.17
2019-09-06,31.2,25.1,27.3,82.0,20.32,6.3,24.0,4.42
2019-09-07,31.1,24.5,27.0,86.0,17.44,11.6,17.0,3.66
2019-09-08,30.9,25.1,26.8,87.0,17.53,18.1,19.2,3.59
2019-09-09,29.6,24.7,26.7,87.0,17.26,7.7,20.9,3.46
2019-09-10,31.0,23.7,27.0,86.0,20.15,3.9,19.4,4.06
2019-09-11,32.2,23.9,28.0,79.0,23.52,0.4,12.6,5.07
2019-09-12,32.1,25.1,28.1,81.0,22.79,1.7,18.9,4.87
2019-09-13,28.8,25.4,26.8,87.0,12.7,15.3,20.2,2.75
2019-09-14,29.9,24.7,26.1,90.0,15.16,42.6,14.2,3.09
2019-09-15,27.5,24.1,25.5,91.0,8.5,27.1,17.7,1.85
2019-09-16,30.3,24.1,26.2,88.0,14.27,13.6,18.9,2.98
2019-09-17,28.5,24.7,26.1,90.0,10.01,23.1,17.3,2.18
2019-09-18,26.7,24.5,25.1,94.0,5.97,27.5,16.0,1.39
2019-09-19,29.3,24.1,25.9,88.0,14.55,19.0,16.1,2.99
2019-09-20,30.8,24.0,26.7,88.0,19.18,29.8,14.3,3.89
2019-09-21,28.8,24.8,26.4,88.0,12.77,9.8,15.2,2.69
2019-09-22,29.4,24.4,26.0,88.0,10.23,14.0,7.3,2.2
2019-09-23,30.8,24.1,26.6,87.0,19.13,5.7,13.5,4.0
2019-09-24,31.4,23.3,27.5,82.0,22.96,1.0,11.1,4.8
2019-09-25,32.2,24.5,28.2,83.0,21.95,1.1,11.6,4.66
2019-09-26,31.9,24.8,27.3,87.0,19.26,6.3,8.5,4.0
2019-09-27,32.1,24.2,27.4,83.0,23.22,3.3,10.6,4.85
2019-09-28,30.5,24.4,27.1,87.0,18.81,10.4,11.2,3.86
2019-09-29,31.9,24.6,27.7,83.0,22.71,0.7,9.8,4.72
2019-09-30,31.0,24.9,27.0,88.0,18.56,8.8,10.2,3.8
2019-10-01,30.0,24.2,26.4,88.0,16.4,11.4,9.5,3.36
2019-10-02,30.6,24.1,26.8,87.0,18.88,8.7,7.8,3.88
2019-10-03,31.5,24.1,27.0,85.0,21.42,10.6,12.3,4.43
2019-10-04,29.5,23.6,26.0,87.0,12.02,10.5,13.8,2.57
2019-10-05,30.5,23.7,26.2,88.0,19.36,7.1,13.6,3.93
2019-10-06,30.6,23.3,26.3,87.0,18.34,14.6,12.8,3.79
2019-10-07,30.9,23.2,26.9,83.0,19.98,0.9,10.9,4.23
2019-10-08,31.9,24.5,27.8,80.0,21.69,0.2,11.6,4.64
2019-10-09,30.2,24.8,26.8,88.0,13.39,15.6,11.6,2.79
2019-10-10,30.4,23.9,27.0,85.0,20.75,1.3,11.2,4.23
2019-10-11,31.3,24.9,27.4,85.0,19.92,3.4,8.1,4.12
2019-10-12,30.5,24.6,26.9,86.0,17.06,4.8,9.8,3.55
2019-10-13,31.2,24.9,27.0,87.0,18.25,10.4,10.5,3.74
2019-10-14,31.2,24.4,27.4,83.0,21.46,1.0,9.9,4.45
2019-10-15,31.6,24.3,27.5,84.0,20.64,2.4,12.3,4.33
2019-10-16,31.6,24.7,27.3,84.0,19.73,11.0,11.8,4.15
2019-10-17,31.3,24.5,27.3,85.0,19.84,3.4,10.9,4.09
2019-10-18,31.9,24.6,27.3,86.0,18.74,6.4,11.3,3.94
2019-10-19,30.3,24.8,27.0,87.0,13.49,4.4,11.4,2.92
2019-10-20,31.2,24.3,27.4,83.0,18.41,3.1,12.4,3.94
2019-10-21,31.7,24.2,27.7,82.0,19.89,2.2,10.9,4.23
2019-10-22,31.9,24.7,27.6,85.0,18.6,3.9,7.5,3.9
2019-10-23,31.5,25.0,27.7,84.0,19.44,2.9,11.8,4.13
2019-10-24,31.3,25.1,27.9,81.0,20.62,1.7,11.2,4.37
2019-10-25,32.1,24.4,28.1,76.0,20.46,0.3,14.2,4.53
2019-10-26,31.8,24.5,27.8,80.0,21.21,1.5,10.9,4.53
2019-10-27,32.1,24.2,27.9,81.0,21.33,0.4,10.7,4.55
2019-10-28,32.1,24.5,27.8,82.0,20.65,0.9,13.7,4.42
2019-10-29,32.1,24.9,27.9,79.0,21.23,0.6,13.1,4.61
2019-10-30,31.7,24.3,28.2,74.0,18.13,3.3,17.4,4.46
2019-10-31,29.5,25.0,27.2,73.0,14.76,0.2,16.3,3.78
2019-11-01,30.5,24.3,26.9,85.0,18.52,3.6,13.4,3.85
2019-11-02,31.0,24.1,26.8,86.0,18.09,11.9,12.0,3.71
2019-11-03,30.0,24.3,26.6,88.0,13.01,6.5,9.2,2.75
2019-11-04,29.8,24.1,26.9,83.0,12.68,0.2,11.6,2.79
2019-11-05,31.2,23.8,27.0,82.0,20.82,4.2,11.5,4.37
2019-11-06,29.8,23.8,25.9,89.0,13.67,23.6,11.0,2.81
2019-11-07,29.9,24.1,25.9,88.0,14.87,6.3,9.1,3.09
2019-11-08,29.7,23.7,26.3,83.0,16.23,2.8,9.4,3.39
2019-11-09,29.9,23.4,26.0,76.0,18.36,0.8,13.5,4.01
2019-11-10,28.4,21.9,24.7,78.0,10.1,0.7,10.8,2.52
2019-11-11,24.3,22.6,23.2,92.0,4.65,29.8,13.9,1.11
2019-11-12,29.5,22.2,25.8,81.0,20.21,0.2,11.7,4.12
2019-11-13,30.0,23.9,26.5,86.0,16.85,3.1,12.0,3.44
2019-11-14,31.2,23.5,26.8,83.0,18.91,1.6,10.9,3.97
2019-11-15,30.1,20.5,25.7,76.0,21.3,0.0,8.6,4.39
2019-11-16,30.4,23.6,26.8,81.0,19.69,0.2,8.9,4.11
2019-11-17,30.8,23.1,26.9,81.0,18.28,0.5,12.1,3.85
2019-11-18,30.3,24.0,26.5,84.0,16.56,2.6,11.2,3.46
2019-11-19,30.6,23.3,26.7,81.0,18.22,0.6,12.1,3.78
2019-11-20,30.4,23.8,26.6,80.0,20.39,0.1,8.3,4.15
2019-11-21,30.5,22.4,26.6,76.0,19.91,0.0,12.4,4.2
2019-11-22,30.7,23.0,26.9,75.0,18.48,0.0,12.1,3.94
2019-11-23,31.6,22.3,26.6,83.0,17.95,0.9,14.8,3.79
2019-11-24,32.1,23.6,27.3,82.0,19.93,5.0,9.2,4.23
2019-11-25,31.0,24.2,27.3,80.0,19.13,0.3,7.3,3.95
2019-11-26,32.0,23.3,27.5,77.0,20.56,0.0,10.0,4.49
2019-11-27,32.9,24.4,28.2,76.0,18.96,0.4,15.7,4.21
2019-11-28,32.7,23.3,28.2,74.0,20.53,0.2,10.7,4.46
2019-11-29,32.4,23.4,28.1,72.0,20.14,0.1,11.5,4.6
2019-11-30,32.5,23.8,27.9,71.0,20.35,0.1,10.5,4.62
2019-12-01,32.6,23.3,27.6,75.0,19.94,0.0,14.4,4.34
2019-12-02,30.9,22.8,26.7,73.0,15.85,0.4,9.8,3.48
2019-12-03,30.2,22.9,25.8,68.0,16.26,0.4,13.2,3.87
2019-12-04,29.3,20.8,25.1,64.0,17.97,0.1,10.7,4.06
2019-12-05,30.3,20.2,25.4,61.0,19.35,0.0,15.5,4.59
2019-12-06,31.2,21.7,25.8,55.0,19.99,0.0,23.5,5.93
2019-12-07,28.9,20.2,24.7,59.0,15.93,0.0,12.9,4.04
2019-12-08,30.4,20.6,25.2,63.0,19.95,0.0,12.2,4.48
2019-12-09,30.4,20.2,25.3,63.0,21.25,0.0,11.2,4.69
2019-12-10,30.5,21.3,25.5,74.0,18.82,0.0,15.6,4.18
2019-12-11,31.0,20.6,25.4,75.0,17.07,0.1,14.1,3.86
2019-12-12,31.4,21.6,25.8,73.0,20.47,0.0,13.9,4.37
2019-12-13,31.3,21.5,26.3,71.0,19.26,0.0,12.7,4.18
2019-12-14,32.4,21.8,27.1,67.0,19.89,0.0,11.0,4.57
2019-12-15,33.0,22.5,27.7,67.0,20.75,0.0,10.0,4.71
2019-12-16,33.0,22.7,27.9,66.0,19.51,0.0,14.4,4.58
2019-12-17,33.1,22.1,27.6,66.0,20.08,0.4,16.7,4.88
2019-12-18,31.9,24.0,27.5,69.0,15.4,0.4,10.9,3.64
2019-12-19,31.9,22.8,27.1,75.0,18.53,0.6,13.3,4.12
2019-12-20,32.1,22.8,27.1,72.0,20.16,0.0,14.8,4.4
2019-12-21,32.2,22.7,27.0,70.0,19.68,0.0,11.6,4.43
2019-12-22,31.4,22.2,26.7,76.0,17.15,0.1,14.8,3.88
2019-12-23,32.3,22.4,26.8,74.0,19.7,0.1,15.8,4.46
2019-12-24,31.6,22.3,26.9,73.0,19.57,0.0,15.6,4.33
2019-12-25,32.2,22.6,26.6,74.0,19.66,0.0,16.4,4.37
2019-12-26,30.7,22.6,26.2,76.0,15.86,0.0,15.6,3.51
2019-12-27,31.9,21.9,26.2,72.0,19.8,0.0,14.2,4.38
2019-12-28,31.4,20.1,25.8,70.0,20.36,0.0,12.0,4.35
2019-12-29,32.2,20.9,26.2,74.0,20.98,0.0,16.0,4.59
2019-12-30,32.9,22.7,27.5,73.0,18.38,0.0,15.8,4.35
2019-12-31,33.6,23.6,28.2,63.0,20.57,0.0,12.5,4.94
2020-01-01,32.7,23.0,27.7,58.0,20.93,0.0,14.8,5.36
2020-01-02,32.9,22.5,27.6,65.0,18.8,0.0,14.2,4.57
2020-01-03,32.4,22.6,27.4,67.0,19.08,0.0,10.5,4.4
2020-01-04,31.7,23.1,27.0,70.0,17.32,0.0,12.8,3.86
2020-01-05,31.9,21.8,26.6,66.0,21.49,0.0,14.6,4.61
2020-01-06,32.9,21.5,26.9,68.0,19.46,0.0,15.2,4.57
2020-01-07,33.1,23.7,28.0,67.0,19.76,0.0,16.1,4.68
2020-01-08,34.2,24.2,28.8,64.0,18.82,0.0,11.8,4.67
2020-01-09,33.5,23.9,28.2,68.0,20.56,0.0,14.1,4.84
2020-01-10,33.1,24.0,28.2,64.0,19.8,0.0,17.9,4.77
2020-01-11,31.7,23.7,27.4,69.0,17.47,0.0,15.2,4.11
2020-01-12,30.9,24.2,26.7,77.0,13.6,0.7,17.2,3.16
2020-01-13,32.1,21.7,26.6,69.0,21.32,0.0,15.2,4.73
2020-01-14,32.1,21.5,26.5,65.0,21.64,0.0,17.7,4.98
2020-01-15,32.0,21.1,26.3,64.0,21.82,0.0,15.1,4.94
2020-01-16,33.0,21.4,27.2,68.0,20.11,0.0,12.3,4.56
2020-01-17,32.8,22.6,27.4,69.0,20.21,0.0,20.2,4.71
2020-01-18,31.8,23.9,27.1,68.0,16.88,0.0,17.8,4.1
2020-01-19,32.4,22.2,27.2,64.0,20.08,0.0,16.4,4.74
2020-01-20,33.3,23.1,27.6,66.0,21.45,0.0,18.4,5.11
2020-01-21,33.7,23.2,27.9,60.0,21.78,0.0,17.6,5.23
2020-01-22,34.2,22.8,28.0,62.0,20.52,0.0,18.2,5.22
2020-01-23,33.7,23.5,27.8,58.0,20.03,0.0,19.9,5.4
2020-01-24,34.7,21.5,27.5,56.0,22.08,0.0,22.9,5.9
2020-01-25,32.8,23.4,27.2,67.0,19.31,0.0,17.7,5.01
2020-01-26,33.3,22.6,26.9,75.0,21.86,0.0,19.5,4.98
2020-01-27,32.6,23.1,26.6,76.0,19.47,0.3,22.0,4.73
2020-01-28,33.1,22.4,26.5,73.0,20.72,0.0,22.1,4.96
2020-01-29,32.5,21.9,26.4,74.0,19.89,0.0,18.5,4.62
2020-01-30,31.4,22.8,26.6,75.0,17.05,0.8,15.5,4.03
2020-01-31,30.9,23.3,26.3,68.0,18.2,0.0,15.1,4.29
2020-02-01,32.2,22.2,26.2,60.0,22.3,0.0,20.4,5.33
2020-02-02,31.8,20.3,25.7,64.0,22.77,0.0,17.0,5.03
2020-02-03,32.7,20.5,26.1,64.0,23.34,0.0,18.8,5.36
2020-02-04,33.3,21.3,27.0,59.0,22.5,0.0,16.6,5.57
2020-02-05,33.3,21.2,26.9,55.0,23.21,0.0,18.6,5.63
2020-02-06,32.5,20.5,26.0,56.0,23.09,0.0,17.8,5.6
2020-02-07,32.8,20.5,26.4,57.0,23.25,0.0,16.3,5.61
2020-02-08,32.6,20.8,27.1,65.0,19.04,0.0,9.4,4.35
2020-02-09,29.8,24.5,26.9,60.0,9.85,0.6,23.2,3.25
2020-02-10,31.4,22.0,26.7,63.0,15.14,0.0,10.6,3.69
2020-02-11,34.4,22.9,28.2,61.0,20.81,0.0,20.7,5.72
2020-02-12,34.1,24.6,28.6,61.0,20.41,0.0,21.4,5.95
2020-02-13,35.1,24.0,28.1,68.0,21.78,0.0,20.5,5.64
2020-02-14,33.4,24.1,27.3,74.0,19.91,0.0,22.8,4.91
2020-02-15,32.6,23.3,27.1,75.0,18.41,0.0,19.2,4.59
2020-02-16,33.8,22.9,27.9,74.0,19.3,0.1,18.0,4.62
2020-02-17,32.9,24.7,28.2,73.0,19.34,1.8,19.2,4.71
2020-02-18,32.7,24.7,28.0,66.0,20.66,1.7,15.3,4.88
2020-02-19,34.2,22.0,27.7,56.0,23.89,0.0,16.9,5.61
2020-02-20,33.4,21.6,27.7,61.0,23.71,0.0,16.1,5.56
2020-02-21,34.6,22.0,28.5,56.0,21.82,0.0,17.8,5.89
2020-02-22,34.6,21.1,27.8,55.0,23.22,0.0,19.5,6.11
2020-02-23,34.0,22.3,27.7,53.0,23.94,0.0,22.8,6.25
2020-02-24,34.4,22.4,27.7,54.0,24.38,0.0,19.6,5.83
2020-02-25,34.3,21.7,27.8,59.0,22.68,0.0,20.3,5.73
2020-02-26,35.3,23.7,29.0,56.0,22.59,0.0,21.3,6.0
2020-02-27,35.3,23.8,29.0,54.0,23.56,0.0,18.5,6.31
2020-02-28,34.2,22.7,28.2,56.0,24.24,0.0,19.0,5.98
2020-02-29,35.0,22.8,28.2,61.0,22.15,0.0,20.1,5.8
2020-03-01,34.6,23.3,28.5,63.0,21.75,0.0,20.4,5.57
2020-03-02,35.0,24.7,28.6,63.0,21.95,0.0,21.5,5.87
2020-03-03,35.3,24.2,28.6,59.0,23.5,0.0,20.9,6.2
2020-03-04,34.3,24.6,28.4,62.0,20.2,0.0,21.1,5.56
2020-03-05,34.1,24.6,28.4,63.0,19.67,0.1,21.5,5.61
2020-03-06,33.8,24.6,28.0,64.0,18.17,0.0,19.8,5.11
2020-03-07,34.5,23.9,27.9,69.0,22.02,0.0,22.0,5.23
2020-03-08,34.1,24.3,28.6,71.0,14.84,0.0,14.3,3.6
2020-03-09,34.2,25.5,28.9,76.0,20.54,0.6,14.3,4.96
2020-03-10,34.1,25.3,29.0,76.0,18.31,0.4,16.1,4.54
2020-03-11,32.8,25.5,28.5,73.0,19.41,1.6,18.5,5.09
2020-03-12,36.3,24.0,29.0,62.0,24.03,0.0,21.8,6.35
2020-03-13,35.0,24.9,28.9,68.0,21.91,0.0,20.9,5.78
2020-03-14,36.4,25.3,28.9,67.0,21.88,0.0,24.6,5.94
2020-03-15,37.0,24.2,29.3,61.0,24.44,0.0,24.0,6.8
2020-03-16,36.9,24.8,29.6,59.0,24.33,0.0,24.8,6.7
2020-03-17,35.6,25.2,29.4,61.0,23.4,0.0,20.8,6.53
2020-03-18,36.6,23.8,29.0,63.0,23.67,0.0,24.7,6.19
2020-03-19,35.4,25.6,28.8,68.0,21.58,0.0,24.1,5.87
2020-03-20,35.0,24.7,28.8,65.0,23.95,0.0,21.3,6.45
2020-03-21,35.3,24.3,28.7,69.0,24.02,0.0,25.1,6.1
2020-03-22,34.8,24.3,28.6,69.0,22.68,0.1,20.7,5.84
2020-03-23,35.1,25.1,28.8,66.0,23.06,0.1,21.3,6.11
2020-03-24,35.1,24.5,28.4,66.0,22.24,0.0,20.1,5.92
2020-03-25,35.5,24.8,29.3,65.0,23.41,0.0,21.1,6.41
2020-03-26,35.7,25.2,29.3,66.0,22.85,0.2,20.9,6.18
2020-03-27,35.8,25.1,29.0,70.0,21.42,0.3,20.2,5.56
2020-03-28,34.1,25.5,28.9,70.0,18.18,0.2,19.6,4.97
2020-03-29,35.6,25.3,29.2,67.0,24.6,0.0,22.3,6.44
2020-03-30,34.8,25.4,29.4,70.0,21.54,0.2,16.8,5.6
2020-03-31,35.2,25.6,29.5,72.0,22.27,0.4,18.8,5.53
2020-04-01,36.3,26.1,29.7,69.0,21.8,0.0,23.0,5.74
2020-04-02,35.9,25.7,29.9,64.0,22.73,0.0,21.4,6.34
2020-04-03,37.4,25.8,30.2,61.0,23.01,0.0,25.7,6.83
2020-04-04,36.8,26.0,30.3,63.0,23.88,0.0,23.2,6.82
2020-04-05,38.3,25.7,30.6,59.0,24.96,0.0,26.0,7.37
2020-04-06,35.5,25.8,29.9,66.0,21.14,0.7,18.2,5.79
2020-04-07,34.7,26.5,29.7,64.0,21.45,0.5,18.3,5.75
2020-04-08,32.6,25.9,28.3,76.0,16.86,6.5,15.5,4.05
2020-04-09,30.9,25.1,27.3,86.0,15.52,10.6,11.2,3.4
2020-04-10,31.1,25.0,27.8,81.0,18.53,2.8,13.7,4.12
2020-04-11,32.9,25.5,28.6,74.0,21.63,0.7,15.2,5.18
2020-04-12,33.0,25.5,28.3,79.0,21.61,2.5,15.6,4.79
2020-04-13,30.8,25.4,26.9,87.0,10.88,10.7,12.7,2.37
2020-04-14,32.6,24.6,27.4,83.0,20.2,7.4,13.6,4.23
2020-04-15,32.5,24.9,27.8,80.0,21.41,8.5,14.2,4.65
2020-04-16,34.1,24.8,28.7,67.0,23.35,0.0,15.5,5.62
2020-04-17,33.8,25.7,28.9,70.0,22.36,0.5,13.5,5.56
2020-04-18,33.0,24.5,28.3,78.0,19.75,0.4,18.1,4.61
2020-04-19,34.6,25.7,29.2,73.0,22.36,0.0,18.0,5.6
2020-04-20,35.3,25.4,29.2,73.0,23.7,0.0,21.5,5.71
2020-04-21,36.3,24.7,29.4,73.0,24.42,0.1,23.8,5.89
2020-04-22,34.3,25.6,29.6,74.0,21.38,0.2,16.6,5.34
2020-04-23,36.3,26.4,30.3,69.0,21.72,0.2,18.6,5.68
2020-04-24,34.5,27.1,29.6,72.0,19.9,2.0,14.1,4.87
2020-04-25,34.0,25.8,29.6,75.0,22.88,0.7,12.0,5.18
2020-04-26,34.5,25.8,28.8,76.0,21.21,4.9,9.4,4.72
2020-04-27,33.4,24.9,28.5,78.0,18.73,1.7,12.1,4.24
2020-04-28,33.0,25.7,29.3,69.0,20.98,0.4,15.6,5.13
2020-04-29,37.2,24.8,30.1,61.0,23.76,0.0,16.0,6.01
2020-04-30,34.8,26.0,30.4,59.0,23.12,0.7,18.1,6.06
2020-05-01,36.6,25.8,30.4,61.0,24.2,0.0,20.2,6.6
2020-05-02,34.4,25.9,29.7,68.0,20.92,0.3,19.4,5.38
2020-05-03,35.3,26.0,30.0,72.0,23.08,0.3,18.7,5.8
2020-05-04,34.7,27.0,30.3,73.0,21.24,0.7,16.3,5.3
2020-05-05,34.8,27.0,30.4,71.0,21.32,0.4,17.9,5.36
2020-05-06,35.1,27.1,30.3,72.0,20.78,0.6,15.8,5.34
2020-05-07,35.4,27.2,30.5,74.0,21.47,0.8,18.9,5.51
2020-05-08,35.5,27.2,30.6,73.0,21.86,0.9,18.2,5.59
2020-05-09,36.2,27.5,31.0,71.0,22.68,0.7,16.8,5.78
2020-05-10,36.2,27.5,30.8,70.0,22.64,0.5,22.7,5.92
2020-05-11,36.4,27.7,31.1,67.0,23.4,0.0,16.5,6.26
2020-05-12,36.2,27.1,30.9,68.0,21.93,1.0,16.6,5.71
2020-05-13,35.5,27.2,30.6,71.0,22.02,3.1,18.7,5.74
2020-05-14,36.0,27.1,30.9,69.0,21.56,0.3,16.9,5.62
2020-05-15,34.1,27.8,30.6,72.0,20.76,0.7,17.0,5.35
2020-05-16,34.6,27.6,30.1,76.0,18.84,3.2,13.0,4.43
2020-05-17,33.4,26.1,29.8,75.0,18.01,12.9,8.0,4.22
2020-05-18,34.7,26.4,30.1,75.0,22.52,1.6,15.2,5.25
2020-05-19,34.7,27.4,29.9,78.0,20.46,16.0,12.9,4.72
2020-05-20,31.7,25.9,28.4,86.0,14.35,25.1,12.3,3.17
2020-05-21,33.9,26.1,29.6,81.0,21.57,1.0,12.4,4.83
2020-05-22,33.0,26.8,29.4,83.0,19.34,4.6,15.3,4.28
2020-05-23,32.5,26.5,28.7,84.0,15.72,16.5,16.7,3.56
2020-05-24,32.9,25.9,28.7,84.0,18.87,2.6,17.8,4.24
2020-05-25,32.4,26.2,28.6,84.0,18.87,5.3,11.4,4.1
2020-05-26,35.0,26.3,30.1,76.0,23.71,0.1,12.1,5.42
2020-05-27,33.8,26.5,29.4,79.0,20.85,17.4,11.8,4.67
2020-05-28,31.8,25.0,27.9,86.0,14.49,18.4,11.0,3.23
2020-05-29,32.5,26.0,28.7,83.0,19.84,3.5,14.0,4.33
2020-05-30,32.1,26.0,28.2,85.0,16.46,14.6,6.4,3.55
2020-05-31,31.7,25.8,28.6,84.0,18.21,5.4,10.7,3.84
2020-06-01,32.8,25.5,28.1,86.0,20.48,21.0,14.8,4.35
2020-06-02,31.6,24.4,27.3,86.0,16.91,20.9,12.9,3.59
2020-06-03,32.4,25.3,27.7,86.0,17.41,31.0,14.3,3.7
2020-06-04,32.3,25.2,27.7,86.0,18.54,12.4,14.8,3.88
2020-06-05,32.1,25.0,27.6,87.0,18.95,29.4,9.8,4.0
2020-06-06,32.0,25.4,27.8,86.0,18.78,14.2,16.5,3.94
2020-06-07,32.7,25.2,28.2,83.0,21.1,5.6,13.1,4.52
2020-06-08,31.8,25.3,28.4,84.0,19.95,1.3,9.7,4.27
2020-06-09,31.9,26.4,28.4,82.0,18.06,6.5,10.8,4.02
2020-06-10,29.7,24.8,26.9,89.0,14.95,24.3,11.2,3.05
2020-06-11,29.6,25.0,27.0,89.0,12.1,14.7,8.9,2.55
2020-06-12,31.8,25.0,28.0,82.0,20.82,3.1,12.9,4.4
2020-06-13,32.1,25.0,27.2,88.0,16.64,35.8,13.4,3.47
2020-06-14,31.0,25.5,26.7,89.0,12.99,37.5,17.3,2.79
2020-06-15,30.6,25.6,27.0,89.0,14.56,20.3,13.5,3.02
2020-06-16,31.2,24.7,27.1,90.0,15.26,21.0,17.3,3.19
2020-06-17,32.1,25.1,28.2,86.0,22.08,1.7,12.0,4.58
2020-06-18,31.7,25.0,27.7,87.0,19.77,15.8,12.0,4.16
2020-06-19,31.1,25.6,27.7,88.0,18.14,6.9,11.2,3.82
2020-06-20,30.9,25.6,27.4,88.0,17.74,18.6,14.1,3.7
2020-06-21,31.8,25.6,27.5,87.0,17.13,13.4,11.0,3.63
2020-06-22,30.9,25.1,27.4,87.0,17.55,10.7,13.6,3.61
2020-06-23,32.3,24.9,28.3,83.0,20.96,3.6,10.7,4.47
2020-06-24,31.8,25.4,28.1,85.0,21.6,12.9,13.4,4.54
2020-06-25,31.0,24.8,27.2,88.0,17.34,7.3,11.2,3.58
2020-06-26,31.5,24.3,26.8,88.0,15.95,25.9,13.6,3.36
2020-06-27,30.8,24.2,27.2,85.0,17.55,5.8,11.4,3.68
2020-06-28,30.2,25.3,26.7,86.0,14.23,6.1,16.4,3.07
2020-06-29,28.2,25.1,26.2,91.0,10.43,17.7,17.8,2.19
2020-06-30,29.4,24.6,26.1,92.0,6.81,22.5,15.9,1.54
2020-07-01,31.1,24.6,26.9,88.0,15.51,8.6,14.3,3.25
2020-07-02,31.1,25.3,27.0,88.0,17.66,20.8,17.5,3.64
2020-07-03,28.6,25.2,26.3,91.0,9.84,25.0,14.8,2.12
2020-07-04,30.5,23.2,27.0,81.0,18.45,0.1,14.9,3.93
2020-07-05,31.7,24.2,27.4,83.0,20.65,14.0,8.4,4.32
2020-07-06,29.0,24.5,26.3,90.0,14.58,22.8,14.7,2.88
2020-07-07,31.4,25.1,27.6,85.0,21.34,4.7,17.1,4.39
2020-07-08,29.6,25.0,27.1,87.0,12.53,7.4,11.5,2.71
2020-07-09,31.8,24.6,28.0,84.0,21.53,7.4,8.7,4.54
2020-07-10,30.7,25.3,27.2,88.0,17.34,8.5,9.8,3.58
2020-07-11,31.5,24.5,27.2,86.0,17.11,8.3,16.4,3.64
2020-07-12,31.6,24.1,27.1,86.0,19.72,14.6,13.6,4.13
2020-07-13,28.9,24.3,26.5,89.0,12.46,19.6,10.9,2.61
2020-07-14,31.1,24.8,27.8,85.0,21.11,5.8,14.1,4.41
2020-07-15,29.8,24.4,27.4,84.0,15.31,4.0,11.0,3.26
2020-07-16,31.0,25.8,27.9,85.0,19.37,8.7,13.8,4.04
2020-07-17,30.7,25.4,27.9,87.0,19.2,5.4,11.3,3.93
2020-07-18,31.4,25.7,27.8,85.0,20.96,6.8,13.3,4.32
2020-07-19,32.3,24.8,28.0,84.0,22.0,4.7,9.3,4.62
2020-07-20,31.9,25.3,27.8,85.0,20.77,4.0,12.6,4.32
2020-07-21,29.7,25.2,27.2,88.0,15.48,10.6,11.7,3.17
2020-07-22,32.1,25.0,28.1,83.0,21.92,2.1,14.3,4.59
2020-07-23,31.7,25.3,27.7,86.0,19.49,18.6,11.8,4.09
2020-07-24,29.8,25.2,26.9,89.0,13.22,10.4,11.4,2.79
2020-07-25,30.7,24.6,27.5,87.0,19.52,5.0,11.6,4.04
2020-07-26,31.0,24.9,27.9,84.0,20.16,2.2,12.5,4.21
2020-07-27,32.1,25.3,28.0,86.0,20.62,5.6,11.7,4.3
2020-07-28,31.1,25.0,27.2,87.0,17.27,13.9,15.3,3.57
2020-07-29,31.8,24.6,27.2,87.0,18.76,16.3,16.6,3.87
2020-07-30,31.2,24.8,27.2,88.0,17.7,20.5,15.4,3.65
2020-07-31,29.4,25.7,26.7,88.0,8.63,16.8,20.6,2.12
2020-08-01,27.7,24.9,26.1,91.0,8.71,11.9,25.2,1.99
2020-08-02,29.8,24.9,26.8,87.0,15.46,7.6,27.7,3.28
2020-08-03,29.0,25.0,26.6,90.0,12.02,17.6,18.4,2.53
2020-08-04,28.9,24.6,26.6,88.0,9.59,11.1,16.5,2.17
2020-08-05,29.7,23.7,26.4,89.0,14.75,30.5,12.4,3.05
2020-08-06,29.8,24.4,26.3,90.0,13.74,36.4,12.4,2.87
2020-08-07,30.7,24.8,26.9,86.0,16.98,15.2,15.5,3.59
2020-08-08,30.0,24.7,26.6,91.0,12.87,24.4,19.5,2.59
2020-08-09,31.2,24.5,27.1,88.0,18.48,12.5,14.7,3.81
2020-08-10,30.5,25.4,27.2,87.0,14.05,3.3,18.2,3.05
2020-08-11,31.6,24.9,27.7,85.0,19.18,6.6,17.4,4.02
2020-08-12,30.1,23.8,27.1,88.0,14.5,19.5,12.0,3.08
2020-08-13,29.2,24.5,26.4,90.0,13.26,24.3,12.2,2.74
2020-08-14,30.5,24.4,26.5,88.0,16.75,16.7,12.4,3.47
2020-08-15,31.0,23.8,27.0,84.0,15.04,0.2,12.7,3.32
2020-08-16,32.3,24.6,27.9,81.0,22.3,3.9,12.1,4.79
2020-08-17,31.4,24.7,27.3,87.0,19.52,7.2,11.1,4.0
2020-08-18,31.8,24.9,27.4,86.0,19.23,25.9,12.0,4.06
2020-08-19,31.1,24.1,27.1,84.0,18.57,16.1,17.0,3.98
2020-08-20,29.9,25.0,27.3,85.0,12.0,2.5,9.1,2.7
2020-08-21,31.8,25.0,28.0,84.0,19.01,3.1,9.7,4.02
2020-08-22,32.4,25.3,28.5,79.0,22.91,0.3,12.5,5.05
2020-08-23,32.4,25.3,28.1,84.0,20.83,5.8,13.4,4.47
2020-08-24,32.3,24.7,27.9,84.0,22.14,11.0,9.7,4.65
2020-08-25,32.7,25.3,28.7,83.0,21.99,2.6,11.7,4.74
2020-08-26,33.1,25.6,28.8,82.0,23.32,1.9,14.0,5.08
2020-08-27,33.5,26.0,28.8,81.0,22.2,2.9,18.0,4.91
2020-08-28,33.1,25.6,28.6,79.0,22.05,2.6,17.3,5.04
2020-08-29,32.3,25.2,28.3,84.0,19.72,4.2,16.6,4.28
2020-08-30,32.6,24.8,28.1,85.0,20.97,6.2,17.2,4.4
2020-08-31,32.8,25.0,28.2,84.0,21.53,4.2,13.4,4.57
2020-09-01,31.4,24.8,27.5,87.0,16.6,13.9,12.1,3.47
2020-09-02,32.2,25.8,28.1,84.0,21.1,9.4,14.8,4.51
2020-09-03,32.7,24.6,28.0,84.0,22.91,15.5,10.5,4.81
2020-09-04,31.3,25.4,27.6,87.0,19.73,14.3,15.7,4.09
2020-09-05,31.9,25.1,28.2,85.0,21.63,3.5,11.5,4.55
2020-09-06,31.7,25.2,27.5,85.0,18.03,16.3,13.2,3.82
2020-09-07,32.3,24.8,27.9,85.0,22.52,3.9,13.7,4.71
2020-09-08,31.4,25.2,28.0,85.0,18.78,1.6,11.0,3.97
2020-09-09,31.8,25.7,27.8,87.0,19.36,4.6,13.8,4.05
2020-09-10,31.4,24.9,27.7,86.0,20.28,5.8,12.0,4.2
2020-09-11,31.6,25.0,27.6,85.0,19.71,11.6,14.8,4.13
2020-09-12,32.0,25.0,27.4,86.0,20.87,25.7,13.8,4.4
2020-09-13,31.1,24.5,27.0,86.0,17.91,19.3,8.4,3.72
2020-09-14,28.6,24.2,26.2,89.0,10.24,18.9,9.7,2.21
2020-09-15,30.7,24.2,26.7,86.0,18.67,19.3,12.2,3.85
2020-09-16,31.0,24.4,27.1,85.0,18.27,6.7,12.6,3.9
2020-09-17,30.4,25.4,26.8,87.0,13.41,11.7,18.2,2.98
2020-09-18,28.5,24.6,25.7,91.0,8.04,24.3,23.1,1.88
2020-09-19,29.3,24.4,26.0,91.0,8.46,23.3,19.8,1.91
2020-09-20,30.2,24.2,26.7,87.0,14.85,8.1,11.6,3.16
2020-09-21,31.8,24.6,27.7,85.0,20.47,1.8,9.5,4.28
2020-09-22,31.5,25.0,27.5,87.0,17.67,6.6,12.3,3.7
2020-09-23,30.9,24.4,27.0,86.0,19.98,9.4,14.2,4.0
2020-09-24,31.9,24.3,27.1,87.0,18.45,8.2,10.1,3.83
2020-09-25,30.8,24.8,27.2,86.0,13.36,0.6,15.8,2.97
2020-09-26,30.5,24.4,26.9,86.0,13.36,0.7,13.6,2.9
2020-09-27,29.6,23.8,26.2,90.0,13.52,41.9,13.7,2.79
2020-09-28,28.5,24.4,25.6,91.0,9.06,26.4,20.7,1.94
2020-09-29,30.7,23.5,26.5,87.0,13.45,9.6,15.5,2.85
2020-09-30,31.4,24.0,27.0,88.0,17.55,9.3,13.6,3.6
2020-10-01,31.3,24.6,27.1,88.0,16.69,5.8,10.2,3.44
2020-10-02,29.1,24.7,26.6,90.0,14.66,25.0,11.6,2.99
2020-10-03,30.9,24.6,27.0,87.0,17.34,12.1,16.6,3.6
2020-10-04,30.6,24.6,26.5,90.0,12.65,16.3,8.6,2.63
2020-10-05,28.3,24.0,25.8,92.0,7.47,21.3,12.3,1.65
2020-10-06,29.2,23.9,25.9,91.0,10.8,22.7,12.7,2.3
2020-10-07,28.1,24.3,25.9,92.0,10.16,31.1,15.0,2.08
2020-10-08,29.7,23.9,26.4,91.0,14.77,16.6,14.3,2.97
2020-10-09,28.5,25.1,26.1,92.0,10.22,19.4,12.3,2.08
2020-10-10,27.6,24.7,25.5,93.0,6.89,24.7,11.2,1.51
2020-10-11,27.9,24.2,25.6,92.0,9.44,19.7,16.1,1.97
2020-10-12,27.8,24.2,25.7,91.0,10.26,8.3,13.0,2.15
2020-10-13,28.3,23.8,25.6,90.0,9.63,23.0,11.5,2.1
2020-10-14,28.0,24.0,25.4,92.0,9.47,15.6,14.8,2.01
2020-10-15,29.1,23.9,25.6,91.0,12.0,26.2,19.3,2.48
2020-10-16,27.3,24.3,25.3,93.0,6.49,17.9,16.2,1.44
2020-10-17,27.2,24.1,25.4,92.0,6.42,14.0,14.5,1.42
2020-10-18,27.5,24.2,25.5,94.0,6.31,15.7,13.6,1.37
2020-10-19,28.0,24.2,26.0,92.0,8.86,16.2,9.0,1.83
2020-10-20,30.8,24.3,26.9,89.0,18.55,11.9,9.7,3.75
2020-10-21,29.7,23.7,26.2,90.0,13.87,19.2,13.2,2.89
2020-10-22,30.9,24.3,27.1,82.0,21.69,0.6,10.9,4.46
2020-10-23,30.0,23.9,26.8,86.0,16.12,0.8,12.7,3.44
2020-10-24,29.1,24.3,26.4,86.0,11.64,3.7,14.3,2.56
2020-10-25,28.6,23.9,25.9,89.0,13.55,19.5,8.5,2.75
2020-10-26,30.5,23.9,26.3,87.0,17.23,6.8,8.7,3.53
2020-10-27,29.8,23.3,26.6,82.0,15.11,0.0,14.2,3.39
2020-10-28,29.0,24.8,26.2,84.0,9.73,1.6,22.7,2.5
2020-10-29,30.2,24.2,26.1,89.0,14.17,18.7,16.0,2.89
2020-10-30,30.7,24.3,27.1,86.0,20.2,4.9,10.4,4.14
2020-10-31,31.3,24.1,27.1,87.0,18.46,6.5,9.5,3.81
2020-11-01,30.8,24.3,27.1,87.0,18.05,2.5,12.8,3.69
2020-11-02,28.8,24.1,26.0,89.0,9.85,34.3,10.9,2.13
2020-11-03,30.2,24.1,26.9,81.0,20.3,0.3,10.0,4.2
2020-11-04,30.2,24.0,26.4,87.0,16.82,0.8,11.3,3.49
2020-11-05,31.7,22.8,27.2,83.0,20.04,0.0,12.1,4.18
2020-11-06,30.1,24.7,26.7,86.0,13.61,2.6,11.1,2.91
2020-11-07,30.6,24.7,26.8,87.0,16.66,12.7,12.0,3.39
2020-11-08,30.5,24.1,26.9,81.0,19.8,2.1,15.4,4.17
2020-11-09,30.3,22.9,26.1,76.0,16.33,0.3,20.3,3.89
2020-11-10,28.2,22.7,24.9,81.0,13.85,2.4,25.7,3.25
2020-11-11,28.4,23.2,25.4,83.0,11.76,1.7,15.9,2.65
2020-11-12,31.0,23.6,26.8,84.0,19.52,1.6,8.6,4.01
2020-11-13,30.6,23.0,26.8,82.0,18.66,0.1,12.9,3.95
2020-11-14,31.3,22.6,26.8,74.0,21.48,0.0,11.8,4.72
2020-11-15,30.8,24.1,27.0,82.0,17.81,2.0,11.5,3.76
2020-11-16,31.6,24.0,27.2,81.0,19.8,1.3,6.0,4.11
2020-11-17,31.8,23.3,27.5,81.0,20.04,0.1,8.2,4.26
2020-11-18,32.2,24.2,27.7,82.0,19.19,1.2,11.5,4.15
2020-11-19,31.7,24.8,27.2,84.0,17.06,5.6,12.7,3.68
2020-11-20,32.0,24.1,27.5,81.0,17.43,5.6,11.2,3.8
2020-11-21,31.4,24.8,27.1,87.0,16.05,12.7,13.1,3.37
2020-11-22,31.5,23.9,27.3,80.0,19.04,0.1,12.0,4.04
2020-11-23,31.2,23.7,27.1,85.0,18.62,3.0,8.5,3.81
2020-11-24,31.5,23.6,27.1,80.0,19.99,1.3,9.8,4.19
2020-11-25,31.7,24.4,27.5,75.0,18.64,0.0,8.3,4.13
2020-11-26,31.1,24.2,27.3,76.0,16.53,0.0,9.8,3.63
2020-11-27,31.1,23.0,27.2,77.0,16.29,0.7,8.0,3.5
2020-11-28,32.2,23.0,27.1,77.0,19.7,12.4,12.7,4.24
2020-11-29,28.0,24.0,25.4,89.0,6.81,11.1,16.0,1.62
2020-11-30,30.2,23.4,26.1,87.0,13.34,3.2,9.4,2.86
2020-12-01,29.5,23.8,26.0,87.0,10.73,5.8,9.7,2.29
2020-12-02,31.2,23.8,27.0,80.0,17.55,0.4,12.8,3.77
2020-12-03,30.7,21.7,26.3,67.0,21.09,0.0,10.0,4.58
2020-12-04,30.3,21.3,25.6,63.0,21.49,0.0,11.9,4.84
2020-12-05,31.1,21.9,26.3,66.0,20.19,0.0,13.0,4.57
2020-12-06,31.7,22.5,26.8,70.0,20.6,0.0,9.0,4.5
2020-12-07,28.7,23.4,26.2,72.0,9.88,0.1,12.7,2.73
2020-12-08,32.0,24.1,27.2,66.0,14.69,0.2,18.5,4.18
2020-12-09,28.3,23.8,25.5,75.0,7.77,13.2,11.4,2.18
2020-12-10,31.1,23.6,26.8,79.0,15.8,2.5,11.8,3.45
2020-12-11,30.7,24.5,27.0,84.0,16.19,4.4,11.2,3.46
2020-12-12,31.5,23.9,27.0,85.0,15.28,3.2,9.4,3.23
2020-12-13,31.0,24.0,26.5,87.0,15.79,9.2,9.5,3.23
2020-12-14,30.9,23.5,26.9,85.0,17.01,2.9,9.2,3.56
2020-12-15,30.9,24.1,26.6,88.0,15.46,7.6,10.1,3.19
2020-12-16,31.4,22.5,26.7,80.0,19.05,0.2,9.0,3.99
2020-12-17,31.5,23.4,27.2,76.0,17.85,0.4,8.9,3.89
2020-12-18,31.5,23.7,27.2,75.0,17.69,1.2,8.8,3.9
2020-12-19,31.5,23.8,27.4,66.0,15.89,0.0,20.8,4.4
2020-12-20,31.3,23.7,26.7,58.0,16.92,0.0,24.0,5.66
2020-12-21,31.2,22.9,26.6,56.0,19.68,0.0,25.5,6.01
2020-12-22,30.1,21.0,25.3,64.0,9.01,1.9,21.0,3.71
2020-12-23,31.1,23.1,26.2,75.0,12.91,2.9,12.9,3.27
2020-12-24,31.2,23.3,26.8,80.0,16.4,2.3,21.2,3.73
2020-12-25,31.9,23.3,27.1,77.0,18.41,0.3,14.1,4.1
2020-12-26,32.7,23.1,27.4,74.0,19.49,0.0,12.1,4.37
2020-12-27,31.7,23.6,27.1,78.0,18.48,0.4,15.0,4.04
2020-12-28,31.7,23.0,27.0,77.0,16.93,0.0,14.0,3.79
2020-12-29,33.2,23.3,27.7,76.0,16.25,0.0,16.1,3.85
2020-12-30,32.0,25.1,27.4,66.0,14.76,0.5,19.5,4.08
2020-12-31,29.9,23.4,26.0,58.0,15.66,0.3,21.1,4.94
2021-01-01,30.1,21.9,25.5,57.0,14.52,0.0,15.6,4.26
2021-01-02,30.9,22.0,25.6,62.0,15.44,0.5,9.4,3.74
2021-01-03,32.2,21.9,26.4,66.0,18.15,0.1,14.4,4.09
2021-01-04,32.8,22.7,27.0,71.0,16.21,1.0,18.6,3.88
2021-01-05,32.2,22.8,27.3,73.0,17.42,3.8,14.1,4.05
2021-01-06,32.5,22.7,27.6,69.0,18.87,0.2,9.4,4.24
2021-01-07,34.4,23.3,28.1,66.0,20.31,0.0,18.7,4.7
2021-01-08,34.3,22.8,27.6,65.0,20.78,0.2,18.3,4.9
2021-01-09,31.7,22.1,26.5,62.0,18.46,0.0,15.4,4.4
2021-01-10,32.0,21.4,26.3,63.0,20.46,0.0,18.5,4.53
2021-01-11,33.3,21.1,26.7,60.0,20.6,0.0,25.7,5.14
2021-01-12,32.1,21.1,25.9,54.0,20.54,0.0,15.2,5.14
2021-01-13,30.2,19.4,24.5,56.0,21.2,0.0,10.3,4.79
2021-01-14,31.3,20.2,25.0,68.0,18.63,0.0,22.0,4.3
2021-01-15,31.5,20.3,25.1,69.0,21.32,0.0,20.2,4.75
2021-01-16,32.3,21.7,25.8,67.0,20.66,0.0,19.3,4.7
2021-01-17,33.3,21.2,26.2,62.0,19.87,0.0,20.8,5.17
2021-01-18,31.9,21.5,26.0,53.0,21.85,0.1,16.4,5.31
2021-01-19,30.5,19.9,25.1,54.0,17.82,0.0,10.1,4.23
2021-01-20,32.2,20.7,26.1,69.0,18.8,0.0,15.6,4.11
2021-01-21,32.2,22.2,26.7,71.0,17.49,0.0,16.7,4.0
2021-01-22,30.8,23.3,26.0,81.0,13.76,16.7,12.3,3.12
2021-01-23,28.5,23.6,25.4,83.0,9.93,9.9,12.2,2.29
2021-01-24,30.2,22.3,25.8,79.0,17.69,0.6,12.9,3.76
2021-01-25,31.1,22.1,26.0,78.0,17.12,0.0,16.6,3.89
2021-01-26,31.3,22.5,26.4,74.0,20.46,0.0,15.4,4.62
2021-01-27,31.8,22.1,26.6,72.0,19.54,0.0,11.2,4.29
2021-01-28,31.9,23.1,26.8,73.0,20.48,0.2,15.7,4.57
2021-01-29,30.2,21.6,25.7,65.0,21.6,0.0,16.7,4.63
2021-01-30,31.5,19.1,25.5,64.0,20.89,0.0,9.7,4.6
2021-01-31,31.2,21.5,26.4,69.0,18.4,0.0,13.9,4.22
2021-02-01,31.8,22.0,26.6,67.0,21.93,0.0,14.4,5.03
2021-02-02,31.9,22.9,26.5,64.0,22.78,0.0,16.5,5.15
2021-02-03,32.2,20.2,25.9,67.0,22.37,0.0,18.0,4.88
2021-02-04,31.6,20.5,26.3,67.0,21.77,0.0,11.6,4.84
2021-02-05,32.3,22.2,27.0,67.0,21.23,0.0,19.4,4.87
2021-02-06,31.6,22.6,27.2,69.0,19.49,0.0,17.9,4.58
2021-02-07,32.1,24.1,27.7,66.0,18.72,0.4,12.6,4.35
2021-02-08,31.7,23.3,27.0,76.0,17.97,3.1,9.1,3.9
2021-02-09,31.3,22.8,27.1,74.0,18.36,0.1,14.1,4.16
2021-02-10,31.3,23.0,26.6,79.0,17.33,4.0,11.2,3.75
2021-02-11,29.7,23.7,26.3,78.0,15.66,0.4,11.2,3.58
2021-02-12,30.9,22.6,26.0,74.0,18.7,1.8,18.5,4.26
2021-02-13,30.6,21.0,25.4,72.0,17.85,0.0,18.6,4.07
2021-02-14,30.5,20.6,25.0,70.0,19.38,0.0,20.1,4.49
2021-02-15,30.3,21.0,24.8,72.0,19.02,0.0,19.6,4.38
2021-02-16,31.0,21.1,24.9,72.0,20.65,0.0,20.9,4.77
2021-02-17,31.8,20.9,25.8,65.0,24.18,0.0,18.1,5.46
2021-02-18,31.4,19.1,25.6,65.0,23.8,0.0,12.7,5.02
2021-02-19,32.0,19.3,25.9,59.0,22.89,0.0,15.1,5.17
2021-02-20,31.6,19.4,25.5,62.0,24.64,0.0,14.8,5.34
2021-02-21,31.6,19.9,25.4,65.0,22.4,0.0,15.9,5.08
2021-02-22,32.4,20.4,25.2,66.0,24.32,0.0,21.7,5.59
2021-02-23,32.6,21.2,25.7,68.0,23.72,0.0,21.2,5.41
2021-02-24,33.4,22.3,26.3,71.0,21.36,0.0,20.0,4.98
2021-02-25,33.8,22.3,27.0,71.0,19.14,0.0,16.6,4.52
2021-02-26,32.5,23.5,27.2,75.0,16.01,0.0,16.2,3.96
2021-02-27,32.8,24.1,27.3,76.0,18.89,0.2,15.8,4.57
2021-02-28,32.1,23.4,27.5,72.0,19.28,0.6,17.1,4.97
2021-03-01,33.7,24.2,28.1,71.0,19.84,0.0,17.3,5.19
2021-03-02,35.1,24.4,28.4,70.0,20.62,0.3,18.5,5.29
2021-03-03,35.7,23.3,28.6,65.0,23.01,0.4,19.2,5.85
2021-03-04,36.2,24.5,29.0,58.0,23.87,0.0,26.1,6.5
2021-03-05,36.0,22.4,28.1,59.0,25.7,0.0,25.1,7.0
2021-03-06,36.2,21.8,28.2,61.0,24.52,0.0,19.5,6.23
2021-03-07,35.5,23.6,28.3,66.0,22.69,0.2,22.5,6.04
2021-03-08,34.7,23.3,28.6,57.0,24.12,0.0,21.7,6.32
2021-03-09,33.7,23.3,28.2,61.0,20.89,0.2,18.3,5.4
2021-03-10,34.1,22.5,28.4,60.0,22.96,0.2,15.4,5.75
2021-03-11,34.5,24.5,28.9,59.0,21.99,0.0,20.4,5.81
2021-03-12,35.5,23.9,29.1,54.0,23.82,0.0,21.0,6.22
2021-03-13,34.8,24.2,28.7,59.0,23.46,0.1,18.7,5.82
2021-03-14,34.7,22.7,27.7,67.0,23.99,0.0,21.9,5.9
2021-03-15,34.5,22.9,27.5,69.0,23.8,0.0,22.1,5.64
2021-03-16,33.1,24.4,27.7,68.0,20.93,0.1,24.2,5.31
2021-03-17,33.5,23.4,27.4,70.0,21.75,0.0,19.8,5.33
2021-03-18,34.9,23.9,27.9,72.0,22.77,0.0,24.9,5.61
2021-03-19,35.6,24.0,28.5,74.0,23.68,0.2,19.8,5.74
2021-03-20,33.3,25.4,28.6,73.0,19.29,1.3,17.1,4.93
2021-03-21,34.5,25.2,28.8,72.0,21.25,1.5,19.3,5.22
2021-03-22,35.3,23.8,29.4,67.0,24.33,0.0,15.5,5.62
2021-03-23,35.9,24.8,29.9,59.0,23.94,2.0,14.1,5.86
2021-03-24,35.6,25.4,29.3,63.0,22.15,2.5,15.0,5.49
2021-03-25,32.8,25.2,28.7,69.0,22.02,0.2,18.9,5.19
2021-03-26,35.5,24.4,28.9,66.0,23.13,0.1,19.8,5.94
2021-03-27,34.9,24.9,29.0,67.0,22.47,0.0,20.8,5.88
2021-03-28,35.0,24.9,28.8,69.0,23.3,0.0,18.7,5.83
2021-03-29,34.1,24.8,28.7,71.0,22.14,0.0,17.9,5.39
2021-03-30,33.6,25.4,28.6,73.0,21.6,0.8,16.1,5.2
2021-03-31,34.9,25.4,29.2,74.0,22.1,0.1,18.0,5.39
2021-04-01,34.4,26.0,29.3,71.0,21.94,0.3,16.1,5.5
2021-04-02,34.7,25.7,29.3,76.0,21.06,6.0,17.7,5.01
2021-04-03,32.5,24.5,27.9,78.0,19.68,14.4,15.7,4.72
2021-04-04,31.9,25.4,27.8,78.0,17.56,11.3,17.1,4.06
2021-04-05,33.4,24.0,28.5,72.0,21.86,0.2,17.2,5.29
2021-04-06,35.6,24.3,29.1,62.0,24.55,0.0,22.5,6.37
2021-04-07,33.7,24.0,28.7,65.0,21.91,0.0,16.9,5.45
2021-04-08,32.3,25.3,28.3,72.0,17.44,0.3,13.7,4.31
2021-04-09,33.1,25.7,28.2,75.0,20.4,4.8,13.8,4.71
2021-04-10,33.7,23.8,28.4,72.0,21.48,2.0,15.0,5.15
2021-04-11,35.3,24.7,29.2,67.0,22.65,0.3,17.4,5.84
2021-04-12,34.2,25.1,28.6,71.0,19.06,1.7,13.2,4.61
2021-04-13,33.9,25.2,28.5,77.0,20.09,5.5,16.1,4.69
2021-04-14,33.2,25.0,28.5,75.0,20.65,5.9,14.7,4.8
2021-04-15,31.2,24.2,27.2,85.0,19.01,89.4,12.8,4.13
2021-04-16,31.1,24.1,27.0,85.0,20.17,15.3,12.0,4.24
2021-04-17,31.8,24.4,27.3,84.0,20.94,21.0,10.8,4.45
2021-04-18,30.5,24.8,27.0,83.0,19.08,5.7,12.7,4.09
2021-04-19,30.9,24.6,26.9,86.0,18.73,10.7,13.2,3.86
2021-04-20,32.1,24.9,28.0,83.0,21.93,3.1,12.0,4.66
2021-04-21,31.6,25.7,27.7,87.0,14.85,13.8,11.6,3.23
2021-04-22,29.6,24.9,26.5,90.0,11.46,18.4,9.9,2.48
2021-04-23,31.6,24.9,27.0,87.0,15.76,23.8,15.1,3.38
2021-04-24,32.4,24.4,27.8,83.0,22.54,2.0,15.1,4.89
2021-04-25,31.6,24.6,27.8,84.0,20.38,4.5,12.9,4.32
2021-04-26,32.2,24.8,28.3,82.0,21.7,2.8,12.8,4.75
2021-04-27,31.2,25.1,27.2,87.0,16.75,13.5,12.6,3.52
2021-04-28,31.7,25.1,27.8,82.0,20.62,2.3,12.1,4.48
2021-04-29,31.9,25.3,28.2,75.0,21.99,0.3,12.8,4.94
2021-04-30,32.9,25.2,28.5,75.0,23.4,0.2,14.8,5.37
2021-05-01,31.5,25.5,28.2,81.0,18.26,3.3,14.0,4.07
2021-05-02,33.5,25.5,29.1,74.0,22.91,0.0,14.2,5.38
2021-05-03,33.6,25.4,28.7,75.0,21.28,0.9,16.5,5.01
2021-05-04,33.5,24.6,29.0,73.0,23.07,0.4,16.3,5.39
2021-05-05,34.0,25.5,29.6,72.0,23.83,0.1,15.6,5.59
2021-05-06,34.4,26.1,29.3,75.0,18.75,1.8,12.3,4.51
2021-05-07,32.9,25.3,28.3,81.0,18.48,1.9,15.3,4.19
2021-05-08,32.4,25.4,28.5,80.0,18.21,3.6,16.6,4.18
2021-05-09,32.8,26.4,28.7,81.0,17.99,6.6,12.3,4.06
2021-05-10,33.1,25.9,29.1,79.0,21.55,0.9,12.2,4.9
2021-05-11,33.2,25.8,29.4,78.0,21.36,1.8,11.5,4.85
2021-05-12,34.5,26.4,29.6,78.0,21.46,4.7,16.3,4.85
2021-05-13,33.0,26.2,29.1,81.0,19.76,7.3,15.5,4.42
2021-05-14,32.1,26.6,28.8,81.0,16.81,3.2,13.2,3.85
2021-05-15,33.3,26.0,28.9,80.0,19.17,1.4,15.1,4.42
2021-05-16,33.3,25.3,29.2,80.0,21.68,3.2,13.7,4.91
2021-05-17,31.3,25.7,28.0,84.0,16.26,12.7,16.3,3.55
2021-05-18,31.8,25.4,28.1,83.0,17.84,6.7,15.1,3.87
2021-05-19,33.1,25.1,28.4,83.0,20.91,5.7,15.0,4.52
2021-05-20,32.9,25.6,28.9,80.0,22.54,11.0,13.9,5.01
2021-05-21,31.0,25.1,27.9,85.0,14.9,16.0,9.6,3.29
2021-05-22,30.9,24.7,26.8,89.0,10.3,23.1,18.5,2.32
2021-05-23,30.9,25.0,27.0,89.0,11.61,32.3,19.0,2.52
2021-05-24,29.9,25.6,26.9,89.0,12.15,12.4,15.7,2.59
2021-05-25,28.7,25.1,26.4,92.0,11.84,77.9,12.0,2.39
2021-05-26,29.2,25.0,26.4,91.0,9.19,13.1,13.5,2.0
2021-05-27,30.2,25.0,26.7,90.0,12.88,13.2,13.2,2.68
2021-05-28,31.2,24.7,27.4,88.0,17.03,4.4,14.4,3.52
2021-05-29,31.3,25.3,27.9,86.0,20.44,5.3,13.0,4.24
2021-05-30,32.9,25.1,28.7,82.0,22.41,0.7,10.8,4.79
2021-05-31,33.1,25.9,29.0,84.0,20.66,4.2,11.4,4.42
2021-06-01,32.2,26.5,28.8,85.0,17.55,11.7,10.5,3.76
2021-06-02,32.1,26.1,28.6,85.0,18.89,3.5,10.6,4.01
2021-06-03,32.7,25.9,28.7,85.0,20.35,4.6,9.7,4.33
2021-06-04,33.4,25.0,29.4,80.0,22.43,0.2,12.9,5.0
2021-06-05,32.8,26.3,28.7,83.0,19.54,4.9,15.0,4.34
2021-06-06,32.3,25.3,28.1,84.0,17.52,2.9,16.5,3.93
2021-06-07,31.9,25.7,27.7,84.0,14.74,10.1,20.7,3.41
2021-06-08,29.0,25.3,26.7,89.0,10.82,5.8,16.5,2.31
2021-06-09,29.9,25.4,27.0,89.0,10.72,6.0,15.0,2.38
2021-06-10,30.5,25.1,26.7,90.0,12.35,18.7,19.0,2.63
2021-06-11,31.5,24.7,27.3,85.0,19.14,5.7,20.5,4.14
2021-06-12,29.5,24.9,26.6,87.0,10.94,12.0,18.4,2.55
2021-06-13,31.0,25.1,27.5,82.0,16.99,1.3,22.5,3.89
2021-06-14,32.0,25.0,27.8,82.0,21.12,2.7,16.8,4.52
2021-06-15,31.0,24.8,27.1,87.0,18.03,9.4,19.8,3.69
2021-06-16,31.5,25.2,27.2,88.0,15.26,10.5,20.2,3.23
2021-06-17,32.7,24.9,28.5,78.0,23.59,0.2,11.1,5.2
2021-06-18,32.1,25.0,28.2,81.0,21.21,2.8,11.2,4.57
2021-06-19,31.6,24.7,27.6,86.0,18.6,18.4,14.6,3.88
2021-06-20,32.3,25.2,27.7,84.0,20.2,9.2,15.3,4.32
2021-06-21,31.1,25.2,27.6,85.0,18.7,9.0,20.0,4.01
2021-06-22,31.2,24.7,27.3,86.0,18.98,16.1,18.6,3.98
2021-06-23,30.9,24.6,27.2,86.0,19.7,11.7,20.1,4.06
2021-06-24,31.6,23.7,27.4,85.0,19.91,9.6,12.5,4.13
2021-06-25,32.1,25.3,28.2,81.0,20.9,1.8,14.1,4.56
2021-06-26,31.5,25.2,28.1,83.0,20.94,0.7,13.8,4.46
2021-06-27,32.4,24.8,28.5,79.0,23.29,0.7,14.3,5.06
2021-06-28,32.6,25.2,28.0,83.0,20.86,5.9,13.5,4.45
2021-06-29,32.0,25.3,28.2,85.0,19.84,3.1,13.0,4.23
2021-06-30,32.3,25.8,28.1,83.0,19.75,6.3,12.4,4.32
2021-07-01,32.5,25.0,28.2,83.0,22.0,4.3,11.7,4.68
2021-07-02,32.7,24.5,28.6,78.0,24.52,0.2,10.9,5.29
2021-07-03,33.6,25.0,28.9,80.0,23.2,0.2,8.6,5.02
2021-07-04,31.9,26.1,28.4,84.0,18.23,10.0,8.7,3.9
2021-07-05,30.5,25.4,26.9,89.0,11.82,22.9,17.4,2.57
2021-07-06,28.2,24.8,26.2,91.0,9.99,9.8,16.5,2.1
2021-07-07,29.3,25.0,26.4,90.0,10.56,17.7,16.1,2.34
2021-07-08,27.3,24.8,25.7,91.0,8.23,11.5,13.7,1.82
2021-07-09,28.9,23.7,25.7,89.0,9.37,26.0,13.9,2.1
2021-07-10,30.2,24.7,26.9,87.0,18.72,11.0,12.3,3.81
2021-07-11,31.7,24.4,27.6,84.0,22.25,5.9,15.0,4.63
2021-07-12,31.4,25.3,27.6,85.0,18.66,8.6,14.6,3.96
2021-07-13,30.5,24.9,27.1,88.0,19.02,10.8,12.6,3.89
2021-07-14,30.4,24.5,26.8,87.0,17.18,27.0,12.7,3.61
2021-07-15,28.7,24.4,26.0,91.0,10.85,40.3,13.1,2.27
2021-07-16,31.3,24.7,27.7,82.0,22.19,3.9,14.4,4.68
2021-07-17,32.0,24.5,27.9,80.0,22.02,2.5,15.5,4.87
2021-07-18,30.3,25.4,26.8,90.0,12.98,29.2,18.1,2.72
2021-07-19,29.5,25.4,26.7,86.0,9.63,3.9,17.9,2.36
2021-07-20,31.8,25.0,27.5,84.0,18.39,6.0,21.1,3.99
2021-07-21,30.1,25.2,27.2,86.0,17.6,8.0,22.3,3.6
2021-07-22,29.1,25.1,27.1,86.0,10.17,2.5,16.8,2.39
2021-07-23,29.8,25.6,27.5,85.0,13.27,6.3,22.5,3.13
2021-07-24,31.7,25.9,28.1,81.0,16.52,2.7,22.6,3.95
2021-07-25,30.5,25.9,27.3,85.0,15.97,5.9,27.5,3.51
2021-07-26,31.2,24.9,27.7,83.0,21.38,2.3,22.8,4.58
2021-07-27,31.4,25.5,27.8,83.0,20.06,6.6,24.1,4.4
2021-07-28,31.0,25.8,27.4,84.0,15.86,11.5,21.8,3.53
2021-07-29,29.7,25.2,26.8,87.0,13.72,19.4,21.7,2.98
2021-07-30,30.2,25.1,26.9,88.0,14.76,22.2,21.9,3.16
2021-07-31,31.5,25.0,27.5,85.0,15.84,10.0,19.2,3.52
2021-08-01,32.0,25.0,27.9,82.0,19.92,3.3,22.6,4.46
2021-08-02,31.0,25.8,28.0,82.0,19.84,4.9,20.7,4.42
2021-08-03,30.5,26.1,28.0,80.0,14.53,2.8,21.3,3.72
2021-08-04,32.3,25.9,28.1,81.0,19.14,5.5,20.3,4.4
2021-08-05,31.3,26.0,27.8,83.0,17.66,4.7,23.3,3.96
2021-08-06,31.9,25.5,28.1,82.0,20.58,2.4,20.2,4.56
2021-08-07,32.0,25.4,28.0,84.0,20.36,4.5,19.8,4.31
2021-08-08,31.9,25.4,28.2,83.0,19.18,3.7,13.2,4.18
2021-08-09,32.0,25.9,28.5,82.0,18.54,5.7,15.1,4.13
2021-08-10,30.5,25.6,27.6,86.0,17.83,15.6,16.7,3.7
2021-08-11,30.8,25.3,27.2,88.0,17.24,16.7,16.1,3.54
2021-08-12,29.1,25.1,26.9,89.0,12.9,9.0,14.4,2.68
2021-08-13,30.8,24.9,26.7,87.0,13.65,22.2,18.2,2.94
2021-08-14,30.1,25.4,27.0,89.0,13.87,10.9,12.1,2.91
2021-08-15,29.8,24.7,27.0,83.0,15.17,0.0,12.3,3.29
2021-08-16,32.3,23.8,27.8,82.0,23.07,1.7,7.6,4.83
2021-08-17,31.4,24.5,27.4,86.0,19.21,10.5,8.0,4.0
2021-08-18,31.8,24.2,27.3,85.0,21.81,13.0,12.4,4.55
2021-08-19,30.7,24.4,27.2,86.0,18.67,8.9,12.1,3.88
2021-08-20,31.0,24.8,27.2,86.0,17.94,7.4,13.6,3.76
2021-08-21,31.7,24.1,27.6,83.0,23.01,1.4,10.9,4.85
2021-08-22,31.8,24.8,27.6,84.0,19.38,6.0,14.0,4.19
2021-08-23,31.4,25.0,27.1,86.0,18.11,22.7,14.7,3.82
2021-08-24,30.1,24.7,26.6,89.0,17.42,17.3,16.2,3.51
2021-08-25,28.3,24.2,25.6,91.0,10.77,12.0,16.7,2.24
2021-08-26,28.5,24.0,25.5,91.0,10.65,19.2,18.6,2.22
2021-08-27,31.2,24.2,26.7,87.0,18.1,16.1,15.2,3.76
2021-08-28,29.3,23.9,26.0,88.0,13.44,14.7,9.2,2.84
2021-08-29,30.7,23.8,26.3,88.0,18.7,28.5,8.4,3.79
2021-08-30,29.8,23.8,26.3,90.0,16.57,16.3,12.0,3.39
2021-08-31,30.6,24.7,26.8,88.0,17.93,21.0,12.8,3.69
2021-09-01,30.9,24.4,27.0,86.0,18.21,9.9,12.7,3.77
2021-09-02,29.3,24.4,26.6,87.0,15.65,37.4,14.1,3.23
2021-09-03,29.6,24.0,26.4,87.0,15.03,16.6,13.6,3.16
2021-09-04,29.4,24.6,26.0,89.0,11.68,30.9,19.9,2.48
2021-09-05,30.2,24.3,26.2,88.0,16.41,21.4,11.2,3.39
2021-09-06,30.5,23.7,26.5,87.0,18.03,12.5,11.8,3.65
2021-09-07,30.7,24.2,26.4,88.0,16.17,24.0,18.0,3.35
2021-09-08,30.9,24.5,26.8,87.0,17.09,8.1,17.6,3.58
2021-09-09,30.2,24.6,26.4,88.0,13.56,20.5,18.1,2.87
2021-09-10,30.8,24.9,26.8,88.0,14.35,9.3,19.7,3.12
2021-09-11,30.8,25.0,27.3,82.0,15.63,3.5,27.0,3.75
2021-09-12,31.1,25.2,27.5,81.0,18.03,1.5,26.3,4.1
2021-09-13,31.0,25.1,26.8,87.0,13.67,30.2,15.4,2.98
2021-09-14,29.5,24.6,26.2,91.0,13.06,28.7,15.6,2.75
2021-09-15,30.1,23.9,26.0,89.0,15.04,27.3,14.0,3.16
2021-09-16,29.9,24.4,26.8,88.0,16.94,2.1,10.1,3.53
2021-09-17,30.9,23.7,27.2,87.0,20.85,7.9,6.5,4.29
2021-09-18,31.2,24.4,27.3,86.0,20.4,9.1,8.3,4.2
2021-09-19,27.7,24.0,25.4,92.0,6.84,20.3,10.7,1.53
2021-09-20,30.0,23.6,26.0,90.0,14.99,18.7,22.5,3.04
2021-09-21,30.8,23.9,26.6,87.0,17.42,6.0,14.0,3.59
2021-09-22,29.9,23.8,26.3,89.0,16.43,8.6,13.4,3.32
2021-09-23,30.0,24.4,26.4,90.0,10.25,5.7,14.8,2.23
2021-09-24,30.1,24.4,26.5,90.0,15.78,17.4,17.1,3.2
2021-09-25,30.4,24.7,26.5,90.0,15.5,24.1,13.8,3.18
2021-09-26,30.8,23.8,26.5,87.0,17.18,8.1,10.9,3.57
2021-09-27,31.7,24.9,27.8,83.0,21.67,4.5,12.4,4.55
2021-09-28,31.6,24.7,27.5,87.0,20.05,4.9,10.3,4.15
2021-09-29,31.7,25.2,27.6,84.0,20.35,6.3,10.0,4.24
2021-09-30,29.6,24.9,26.7,89.0,13.4,10.9,10.3,2.76
2021-10-01,30.3,24.9,26.8,88.0,15.34,24.0,9.2,3.23
2021-10-02,29.8,24.3,26.2,89.0,13.49,28.8,12.7,2.83
2021-10-03,29.3,23.9,26.2,88.0,12.85,4.9,8.6,2.66
2021-10-04,31.0,24.6,27.6,83.0,16.21,3.3,8.4,3.49
2021-10-05,30.9,24.5,26.7,87.0,16.38,36.5,11.2,3.45
2021-10-06,27.6,24.3,25.8,92.0,6.73,11.6,8.4,1.49
2021-10-07,28.0,24.6,25.9,91.0,10.3,11.4,13.7,2.16
2021-10-08,29.1,24.9,26.4,89.0,15.22,10.9,21.9,3.08
2021-10-09,29.6,25.0,26.7,89.0,12.48,8.6,19.8,2.65
2021-10-10,31.7,25.2,27.3,86.0,17.69,10.9,18.9,3.77
2021-10-11,29.0,25.3,26.5,90.0,9.45,31.3,14.5,2.11
2021-10-12,28.9,24.3,26.0,89.0,13.02,43.9,23.0,2.74
2021-10-13,30.1,24.3,25.9,90.0,10.83,25.1,20.3,2.36
2021-10-14,31.0,24.1,26.4,89.0,14.9,15.7,25.8,2.98
2021-10-15,31.3,24.5,27.0,86.0,18.85,21.2,10.2,3.87
2021-10-16,27.5,24.6,25.8,91.0,8.03,15.0,11.0,1.71
2021-10-17,28.9,24.0,25.6,89.0,12.32,9.9,13.9,2.54
2021-10-18,30.8,24.1,27.1,83.0,19.32,0.4,14.8,4.1
2021-10-19,30.6,24.7,27.0,87.0,18.73,2.4,16.1,3.83
2021-10-20,28.7,24.1,25.7,91.0,10.65,16.3,11.1,2.21
2021-10-21,30.5,23.9,26.6,85.0,17.76,6.6,10.8,3.72
2021-10-22,29.8,23.7,26.0,89.0,15.66,17.4,10.9,3.16
2021-10-23,30.6,23.4,25.9,88.0,18.33,11.0,9.0,3.73
2021-10-24,31.2,23.3,26.4,86.0,20.47,4.2,5.6,4.19
2021-10-25,30.3,23.9,26.6,86.0,16.65,3.7,13.0,3.44
2021-10-26,31.2,24.2,26.8,80.0,16.74,3.9,14.4,3.72
2021-10-27,29.0,24.0,25.9,87.0,13.57,6.7,13.9,2.82
2021-10-28,30.8,23.6,27.0,82.0,21.64,1.2,14.0,4.58
2021-10-29,31.5,23.9,26.9,84.0,20.54,9.9,13.0,4.21
2021-10-30,31.9,23.7,26.7,85.0,19.41,2.4,15.4,4.07
2021-10-31,30.5,24.3,26.3,87.0,16.87,14.4,15.5,3.45
2021-11-01,31.3,23.8,26.8,87.0,18.96,7.5,10.6,3.84
2021-11-02,31.1,23.3,26.8,83.0,20.22,0.4,11.2,4.2
2021-11-03,31.8,23.6,27.3,81.0,20.95,0.6,17.8,4.44
2021-11-04,31.3,23.8,27.3,80.0,20.83,0.2,14.3,4.49
2021-11-05,31.7,24.1,26.8,87.0,18.14,12.6,20.1,3.72
2021-11-06,31.1,24.4,26.9,86.0,17.06,10.4,11.1,3.55
2021-11-07,31.3,24.5,27.5,84.0,20.09,0.7,12.2,4.2
2021-11-08,31.7,24.8,27.8,83.0,19.44,2.1,14.3,4.12
2021-11-09,29.4,23.7,26.5,87.0,13.22,3.0,7.3,2.72
2021-11-10,30.9,24.4,27.1,82.0,15.11,2.6,12.7,3.32
2021-11-11,29.1,24.2,26.0,91.0,10.76,16.3,15.8,2.22
2021-11-12,31.0,23.8,26.1,89.0,15.72,14.0,8.3,3.25
2021-11-13,30.4,23.1,26.2,87.0,15.38,9.4,17.1,3.21
2021-11-14,27.5,24.0,25.4,91.0,7.62,10.8,7.4,1.62
2021-11-15,30.1,23.2,26.0,89.0,14.36,16.5,14.6,2.9
2021-11-16,29.3,23.8,25.9,90.0,11.88,13.9,9.7,2.44
2021-11-17,30.7,23.4,26.1,90.0,16.0,19.5,13.8,3.22
2021-11-18,30.8,23.6,26.2,89.0,15.11,16.4,20.1,3.04
2021-11-19,30.9,23.5,26.6,85.0,17.51,0.6,12.2,3.61
2021-11-20,29.9,23.9,26.0,91.0,12.26,17.8,11.7,2.56
2021-11-21,31.2,23.2,26.6,87.0,18.33,9.4,14.3,3.81
2021-11-22,29.1,24.2,26.0,89.0,11.23,25.9,15.7,2.33
2021-11-23,30.8,22.8,26.3,87.0,17.65,9.2,10.1,3.64
2021-11-24,31.4,23.3,26.6,84.0,19.63,13.8,12.7,4.05
2021-11-25,30.2,23.7,26.0,88.0,16.49,6.5,10.5,3.36
2021-11-26,30.3,23.3,26.4,76.0,17.45,0.8,15.5,3.95
2021-11-27,27.7,23.7,24.9,83.0,8.52,3.9,15.7,2.21
2021-11-28,29.9,23.0,25.4,87.0,14.53,23.9,10.4,2.98
2021-11-29,27.3,24.0,25.4,90.0,8.38,3.7,10.6,1.79
2021-11-30,27.8,23.4,25.5,89.0,11.25,16.1,21.4,2.4
2021-12-01,29.2,23.0,25.5,85.0,15.56,1.3,10.1,3.14
2021-12-02,29.4,21.5,25.4,78.0,19.09,0.0,8.0,3.91
2021-12-03,28.7,21.3,24.8,77.0,17.72,0.0,11.5,3.67
2021-12-04,28.1,20.3,23.8,75.0,16.73,0.0,9.9,3.6
2021-12-05,28.8,18.9,23.9,74.0,20.94,0.0,11.0,4.27
2021-12-06,29.3,21.2,25.1,79.0,20.32,0.0,13.9,4.13
2021-12-07,29.1,21.2,25.2,77.0,17.42,0.0,8.7,3.61
2021-12-08,30.1,21.1,25.4,77.0,17.73,0.1,8.7,3.73
2021-12-09,30.2,22.6,25.7,84.0,16.78,2.5,9.4,3.42
2021-12-10,30.1,21.4,25.5,78.0,20.78,0.0,10.1,4.21
2021-12-11,29.8,20.3,25.1,78.0,17.15,0.0,8.1,3.57
2021-12-12,30.4,21.9,26.1,78.0,18.85,0.0,6.8,3.91
2021-12-13,30.6,23.6,26.4,74.0,19.11,0.0,11.5,4.16
2021-12-14,30.2,23.1,26.5,72.0,17.49,0.0,8.6,3.87
2021-12-15,31.1,23.0,26.6,78.0,16.48,0.2,8.7,3.51
2021-12-16,31.6,23.7,27.5,80.0,18.24,0.0,11.5,3.94
2021-12-17,32.2,23.8,27.4,78.0,18.14,0.1,13.7,3.94
2021-12-18,31.9,22.0,27.0,66.0,19.76,0.0,18.9,5.13
2021-12-19,29.3,23.9,26.4,59.0,10.16,0.0,22.0,4.16
2021-12-20,29.5,21.3,25.4,71.0,14.43,0.0,9.4,3.29
2021-12-21,30.9,21.7,26.3,76.0,17.45,0.0,13.3,4.02
2021-12-22,31.2,23.0,26.2,82.0,17.33,3.9,14.0,3.64
2021-12-23,31.8,22.4,26.4,78.0,18.12,1.2,13.2,4.04
2021-12-24,30.8,22.3,26.5,77.0,18.14,0.0,10.7,3.87
2021-12-25,31.9,22.9,26.8,78.0,19.4,0.1,10.0,4.12
2021-12-26,31.5,22.8,27.3,74.0,19.48,0.0,8.4,4.11
2021-12-27,31.1,23.3,26.2,84.0,16.16,10.8,9.0,3.35
2021-12-28,31.6,23.0,26.0,85.0,16.73,4.9,12.8,3.48
2021-12-29,30.1,22.9,26.2,79.0,11.51,0.7,8.1,2.59
2021-12-30,31.9,23.0,26.9,67.0,19.92,0.3,14.8,4.75
2021-12-31,31.1,22.8,26.6,65.0,19.31,0.0,14.1,4.67
2022-01-01,32.0,23.2,26.7,64.0,19.97,0.0,13.5,4.68
2022-01-02,32.0,22.8,27.0,67.0,19.43,0.0,12.2,4.37
2022-01-03,31.2,23.9,26.9,73.0,16.62,0.2,11.8,3.68
2022-01-04,32.0,22.3,26.7,75.0,19.14,4.8,9.7,4.12
2022-01-05,31.3,22.9,26.8,78.0,18.78,1.1,5.1,3.87
2022-01-06,31.8,23.4,26.6,81.0,17.87,1.5,11.6,3.72
2022-01-07,31.9,22.8,27.1,77.0,19.98,0.3,13.3,4.33
2022-01-08,32.4,23.2,27.0,70.0,21.36,0.1,16.5,4.81
2022-01-09,32.3,22.0,26.6,75.0,20.13,0.0,19.7,4.44
2022-01-10,31.0,23.2,26.9,75.0,18.48,0.4,12.0,4.11
2022-01-11,32.8,22.0,26.8,70.0,20.09,0.2,17.1,4.72
2022-01-12,31.3,20.5,25.9,66.0,21.35,0.0,17.9,4.8
2022-01-13,31.2,21.1,25.8,70.0,21.29,0.0,16.3,4.59
2022-01-14,31.5,20.4,25.6,63.0,20.91,0.0,15.1,4.65
2022-01-15,31.8,21.3,26.0,68.0,21.54,0.0,16.6,4.73
2022-01-16,32.2,20.5,26.3,67.0,21.32,0.0,18.7,4.89
2022-01-17,31.6,22.3,26.9,67.0,18.48,0.1,12.0,4.28
2022-01-18,32.9,21.7,26.9,67.0,21.25,0.0,17.2,4.85
2022-01-19,32.1,22.1,26.7,68.0,20.44,0.1,15.3,4.63
2022-01-20,32.3,22.1,26.8,69.0,20.26,0.0,17.9,4.63
2022-01-21,32.4,22.2,26.8,69.0,20.83,0.0,18.6,4.69
2022-01-22,32.5,22.9,26.8,70.0,19.44,0.0,20.5,4.55
2022-01-23,32.7,22.8,26.9,73.0,19.27,0.1,17.1,4.53
2022-01-24,32.2,22.6,27.0,75.0,19.93,0.2,18.2,4.45
2022-01-25,32.1,22.9,26.7,77.0,16.3,1.4,12.3,3.72
2022-01-26,34.0,22.9,27.5,73.0,20.67,0.1,20.9,4.85
2022-01-27,34.4,23.1,27.4,73.0,19.91,0.1,22.4,4.55
2022-01-28,33.9,22.5,27.6,71.0,21.46,0.1,11.9,4.79
2022-01-29,33.1,23.1,27.4,76.0,19.83,0.5,19.9,4.52
2022-01-30,31.8,23.8,27.1,75.0,18.92,0.5,18.5,4.55
2022-01-31,34.2,23.3,27.5,69.0,21.59,0.0,21.7,5.44
2022-02-01,34.9,23.6,28.2,62.0,21.83,0.0,20.8,5.99
2022-02-02,35.2,23.3,28.2,62.0,21.43,0.0,22.5,5.59
2022-02-03,34.6,22.8,28.2,65.0,21.42,0.0,19.1,5.32
2022-02-04,34.9,23.5,28.6,66.0,21.56,0.1,15.2,5.24
2022-02-05,33.9,23.6,28.1,65.0,21.38,0.0,9.7,4.87
2022-02-06,34.4,23.3,28.0,61.0,19.62,0.2,15.2,5.01
2022-02-07,34.9,23.6,28.5,65.0,20.92,0.2,19.8,5.38
2022-02-08,34.6,24.5,28.8,60.0,20.2,0.6,18.1,5.45
2022-02-09,34.8,24.5,28.9,59.0,21.81,0.0,16.4,5.8
2022-02-10,34.9,24.3,28.8,63.0,21.45,0.3,17.1,5.28
2022-02-11,34.9,24.1,28.5,64.0,22.1,0.1,17.0,5.44
2022-02-12,34.4,24.7,28.3,65.0,19.45,0.1,19.1,4.83
2022-02-13,33.0,24.5,27.6,72.0,18.39,4.0,21.3,4.33
2022-02-14,34.3,24.6,28.5,70.0,20.22,0.4,20.7,4.98
2022-02-15,34.0,24.2,28.3,68.0,21.06,0.6,26.8,5.49
2022-02-16,33.7,24.2,28.2,67.0,21.03,0.3,23.1,5.53
2022-02-17,33.9,24.2,28.1,70.0,21.78,0.5,19.4,5.47
2022-02-18,34.5,24.2,28.3,72.0,20.84,0.3,20.0,5.37
2022-02-19,33.8,24.4,28.1,74.0,20.56,1.1,18.9,4.85
2022-02-20,32.7,24.4,27.5,77.0,18.1,2.7,17.5,4.38
2022-02-21,33.2,24.3,27.1,76.0,19.65,7.0,15.4,4.3
2022-02-22,32.5,23.0,26.7,80.0,20.49,4.7,14.5,4.41
2022-02-23,32.9,23.3,27.3,77.0,21.91,1.2,14.5,4.75
2022-02-24,32.9,22.4,26.8,68.0,18.5,0.0,14.6,4.59
2022-02-25,32.8,23.3,27.2,60.0,19.41,0.1,16.0,5.08
2022-02-26,33.7,22.3,27.6,65.0,23.37,0.0,14.1,5.46
2022-02-27,34.1,22.8,28.3,64.0,22.44,0.0,15.2,5.64
2022-02-28,34.8,22.8,28.6,62.0,22.42,0.3,15.9,5.76
2022-03-01,34.3,23.8,28.8,60.0,20.65,0.2,14.4,5.39
2022-03-02,32.1,23.7,28.0,62.0,10.13,0.0,14.2,3.2
2022-03-03,34.0,24.7,28.8,65.0,21.59,0.2,16.2,5.32
2022-03-04,35.6,24.1,29.0,61.0,22.8,0.1,18.7,5.91
2022-03-05,35.6,24.7,29.0,66.0,22.07,1.4,16.8,5.62
2022-03-06,35.6,24.7,28.9,66.0,22.74,0.7,22.6,5.97
2022-03-07,34.5,24.2,28.6,67.0,21.44,0.3,20.9,5.49
2022-03-08,35.1,22.9,28.3,64.0,24.58,0.0,19.8,5.84
2022-03-09,34.1,23.7,28.3,63.0,22.09,0.7,19.7,5.62
2022-03-10,33.3,23.1,27.2,69.0,20.8,0.9,21.3,5.1
2022-03-11,34.5,22.5,28.0,65.0,24.79,0.0,21.1,5.8
2022-03-12,34.3,23.7,28.1,68.0,19.58,0.0,20.5,4.94
2022-03-13,34.6,24.7,28.8,69.0,20.21,2.6,18.2,5.31
2022-03-14,35.3,25.7,28.8,71.0,19.45,0.7,22.0,5.04
2022-03-15,35.0,24.8,28.7,73.0,23.17,0.1,20.0,5.71
2022-03-16,33.2,25.0,28.5,71.0,20.99,0.3,15.5,5.3
2022-03-17,34.6,24.6,28.7,70.0,21.15,0.0,17.1,5.2
2022-03-18,34.0,25.3,28.7,74.0,21.67,2.2,14.2,5.05
2022-03-19,34.8,23.8,28.4,74.0,23.22,3.7,19.5,5.56
2022-03-20,34.2,25.1,28.7,74.0,20.81,1.1,17.3,5.2
2022-03-21,33.0,25.4,28.4,74.0,21.63,2.7,24.5,5.36
2022-03-22,31.2,25.5,27.6,78.0,17.0,8.8,17.6,4.05
2022-03-23,33.7,24.2,28.2,77.0,21.28,1.6,16.5,4.97
2022-03-24,32.8,25.0,28.3,78.0,19.59,1.4,20.0,4.68
2022-03-25,34.6,25.2,29.1,73.0,23.53,0.2,18.6,5.78
2022-03-26,34.8,24.6,29.4,73.0,23.09,0.2,16.8,5.51
2022-03-27,34.8,23.5,29.1,73.0,22.81,3.5,16.8,5.31
2022-03-28,35.7,24.1,28.4,76.0,22.72,8.6,17.7,5.25
2022-03-29,33.2,23.5,27.4,80.0,20.39,9.8,16.9,4.39
2022-03-30,33.4,23.9,27.7,77.0,22.31,7.4,13.8,5.05
2022-03-31,31.5,24.4,26.5,85.0,15.15,19.3,14.4,3.32
2022-04-01,29.9,24.0,25.9,87.0,15.45,28.5,18.5,3.19
2022-04-02,32.1,24.0,27.4,79.0,22.38,4.1,16.9,4.94
2022-04-03,31.9,22.9,26.0,82.0,23.76,20.7,15.7,4.96
2022-04-04,32.0,23.2,26.1,82.0,20.73,9.9,10.2,4.38
2022-04-05,31.5,23.3,26.5,83.0,20.09,12.1,12.8,4.27
2022-04-06,32.1,23.2,27.3,80.0,23.89,0.4,13.2,5.04
2022-04-07,30.0,24.2,26.9,83.0,16.1,0.5,12.5,3.56
2022-04-08,32.6,23.1,27.3,77.0,24.39,2.8,17.9,5.34
2022-04-09,32.0,23.6,27.4,78.0,22.99,2.0,17.3,5.01
2022-04-10,32.0,23.3,27.2,78.0,22.74,3.3,15.3,5.05
2022-04-11,31.5,24.9,27.7,77.0,22.57,0.5,15.5,5.03
2022-04-12,31.9,23.6,27.5,81.0,22.79,2.1,16.7,4.91
2022-04-13,33.2,24.8,28.4,79.0,21.9,0.6,14.1,4.9
2022-04-14,33.1,25.5,28.1,82.0,20.21,2.0,13.3,4.45
2022-04-15,31.9,24.0,27.2,85.0,17.06,13.9,12.0,3.76
2022-04-16,31.0,24.3,26.8,87.0,16.87,16.8,15.5,3.56
2022-04-17,31.9,24.7,27.9,79.0,21.7,3.7,15.2,4.87
2022-04-18,33.2,25.4,28.7,73.0,23.66,0.0,14.2,5.53
2022-04-19,33.1,24.9,28.7,72.0,23.36,0.0,11.9,5.39
2022-04-20,32.4,25.2,28.1,77.0,20.75,5.3,15.1,4.64
2022-04-21,34.0,24.9,28.8,71.0,21.8,1.6,16.3,5.31
2022-04-22,34.4,25.2,29.3,70.0,23.62,0.4,12.4,5.71
2022-04-23,35.7,25.9,29.3,74.0,22.28,3.9,19.1,5.28
2022-04-24,34.3,25.7,29.0,78.0,20.88,4.8,19.3,4.75
2022-04-25,33.9,26.1,29.0,77.0,21.61,2.6,15.9,5.05
2022-04-26,33.8,26.0,28.7,78.0,21.13,1.8,17.3,4.75
2022-04-27,35.2,25.6,30.0,73.0,24.0,0.0,15.8,5.52
2022-04-28,34.4,26.6,29.6,74.0,21.39,1.1,21.4,5.44
2022-04-29,27.1,24.1,25.5,91.0,5.81,34.5,11.9,1.31
2022-04-30,29.6,24.4,26.5,87.0,13.34,23.1,16.1,2.86
2022-05-01,31.1,24.9,26.8,86.0,16.76,13.8,16.6,3.53
2022-05-02,31.8,24.4,27.1,85.0,20.35,19.1,14.9,4.26
2022-05-03,29.7,24.0,26.0,89.0,11.23,18.3,12.4,2.41
2022-05-04,32.1,23.5,26.6,86.0,20.98,11.3,14.2,4.39
2022-05-05,32.0,23.8,27.6,83.0,21.29,3.3,16.9,4.56
2022-05-06,31.5,25.4,27.9,81.0,16.01,6.9,15.0,3.75
2022-05-07,32.9,25.4,28.3,76.0,22.15,2.8,20.2,5.02
2022-05-08,30.4,26.1,27.4,81.0,12.47,10.0,18.6,3.04
2022-05-09,32.2,26.2,28.5,79.0,19.8,2.9,17.8,4.64
2022-05-10,32.1,25.7,28.0,83.0,19.44,6.9,14.4,4.17
2022-05-11,32.6,25.3,28.4,84.0,22.52,5.6,14.2,4.75
2022-05-12,32.1,24.4,27.4,87.0,17.17,20.5,10.0,3.7
2022-05-13,33.1,25.1,28.3,85.0,21.97,6.1,12.1,4.65
2022-05-14,32.8,26.2,28.5,85.0,18.71,3.1,11.8,4.03
2022-05-15,33.4,25.2,28.7,84.0,22.35,18.6,17.1,4.79
2022-05-16,31.7,24.3,26.7,89.0,14.89,34.7,19.3,3.14
2022-05-17,30.7,24.6,26.4,89.0,11.3,23.1,13.3,2.47
2022-05-18,30.3,24.3,26.8,87.0,13.83,13.6,15.7,2.94
2022-05-19,30.3,24.4,26.4,89.0,13.68,19.2,16.1,2.83
2022-05-20,32.1,24.9,27.6,85.0,20.72,17.8,10.8,4.35
2022-05-21,31.5,25.0,27.5,86.0,16.39,11.2,15.3,3.56
2022-05-22,30.8,25.1,26.7,89.0,12.52,21.4,22.1,2.67
2022-05-23,30.0,24.7,26.8,87.0,16.44,2.8,21.1,3.41
2022-05-24,32.0,25.2,28.1,83.0,18.57,1.2,13.9,4.01
2022-05-25,32.6,25.2,28.0,84.0,21.2,8.1,14.0,4.49
2022-05-26,31.6,25.3,27.2,87.0,19.07,7.8,13.6,3.9
2022-05-27,31.1,24.8,26.6,89.0,13.55,36.8,15.5,2.89
2022-05-28,30.0,24.4,25.9,89.0,11.32,15.3,19.5,2.48
2022-05-29,29.8,24.4,26.4,87.0,13.51,10.3,19.8,2.82
2022-05-30,30.3,24.3,26.5,89.0,14.73,10.4,12.8,3.03
2022-05-31,32.2,23.9,27.5,87.0,22.35,15.3,10.4,4.65
2022-06-01,30.3,24.5,26.5,90.0,15.38,14.9,14.6,3.15
2022-06-02,32.0,24.1,26.7,87.0,19.92,15.8,21.8,4.03
2022-06-03,31.4,23.5,26.5,87.0,17.5,7.7,13.3,3.59
2022-06-04,30.6,23.9,26.6,87.0,18.01,12.7,13.0,3.64
2022-06-05,32.1,23.3,27.6,82.0,24.14,0.1,15.6,5.09
2022-06-06,32.1,24.7,27.7,85.0,23.52,3.9,13.3,4.85
2022-06-07,32.1,24.1,27.0,87.0,21.21,17.0,9.3,4.36
2022-06-08,32.6,24.4,27.9,81.0,23.37,0.5,10.8,4.95
2022-06-09,33.2,24.6,28.4,81.0,24.38,0.5,11.2,5.23
2022-06-10,32.0,23.6,26.9,87.0,21.07,15.0,13.8,4.41
2022-06-11,33.1,24.0,28.0,82.0,24.01,0.8,12.1,5.09
2022-06-12,31.5,24.5,27.1,85.0,20.54,7.2,11.5,4.21
2022-06-13,32.0,24.3,27.6,84.0,22.14,4.7,13.5,4.61
2022-06-14,31.9,25.2,28.3,81.0,22.54,0.3,14.5,4.8
2022-06-15,32.0,25.5,28.0,83.0,21.82,1.1,13.9,4.58
2022-06-16,32.0,24.6,27.8,83.0,21.65,1.0,11.4,4.56
2022-06-17,32.1,24.8,27.3,85.0,21.46,12.0,16.8,4.48
2022-06-18,32.5,24.9,27.8,82.0,23.88,9.6,12.9,5.03
2022-06-19,32.3,24.6,27.3,85.0,22.35,3.5,19.9,4.59
2022-06-20,32.1,24.7,27.5,86.0,21.58,11.7,19.2,4.42
2022-06-21,31.6,24.1,26.5,86.0,20.15,18.3,20.3,4.12
2022-06-22,31.3,24.2,26.7,88.0,18.23,24.8,15.6,3.69
2022-06-23,31.8,24.3,26.7,87.0,19.45,15.8,18.7,3.98
2022-06-24,31.1,23.9,26.6,86.0,21.24,10.6,18.1,4.32
2022-06-25,31.1,23.5,26.9,84.0,21.28,7.9,10.9,4.38
2022-06-26,31.5,24.6,27.6,84.0,20.73,11.8,11.2,4.25
2022-06-27,32.3,24.9,28.2,82.0,22.65,10.9,11.5,4.82
2022-06-28,31.0,24.1,26.5,87.0,15.3,21.4,17.4,3.21
2022-06-29,32.7,24.8,27.7,85.0,20.97,17.8,16.4,4.39
2022-06-30,30.7,25.6,27.1,88.0,12.77,16.1,18.2,2.82
2022-07-01,30.0,25.0,26.6,88.0,10.57,6.8,16.6,2.4
2022-07-02,30.5,25.2,26.9,88.0,15.4,7.0,28.6,3.16
2022-07-03,30.9,24.4,27.1,89.0,18.34,5.1,20.3,3.7
2022-07-04,31.7,24.4,27.4,87.0,20.81,13.7,16.2,4.24
2022-07-05,31.2,24.9,27.1,87.0,20.27,5.7,17.3,4.08
2022-07-06,30.9,25.1,27.3,87.0,18.33,11.6,18.0,3.7
2022-07-07,31.7,24.6,27.4,84.0,19.88,3.8,21.7,4.19
2022-07-08,29.9,24.6,26.4,90.0,13.21,22.1,16.4,2.72
2022-07-09,30.3,25.0,26.2,91.0,9.86,19.5,15.3,2.15
2022-07-10,30.4,24.1,26.1,88.0,12.84,20.6,17.4,2.76
2022-07-11,30.7,23.8,26.2,88.0,18.1,30.9,19.5,3.72
2022-07-12,28.9,23.9,25.7,90.0,12.46,38.6,17.1,2.59
2022-07-13,29.8,23.9,26.1,87.0,13.43,7.0,21.0,2.93
2022-07-14,31.1,24.0,26.7,84.0,20.08,7.2,19.6,4.21
2022-07-15,29.3,24.3,26.4,88.0,15.92,12.5,14.4,3.21
2022-07-16,31.8,24.3,27.0,87.0,20.26,17.9,16.6,4.07
2022-07-17,30.2,24.3,26.6,88.0,18.42,9.5,15.9,3.63
2022-07-18,31.5,23.8,27.1,85.0,21.29,12.7,13.7,4.39
2022-07-19,31.7,24.6,27.0,87.0,20.28,4.2,17.6,4.15
2022-07-20,29.9,25.0,26.2,91.0,13.42,17.4,18.4,2.72
2022-07-21,28.7,24.2,26.0,90.0,12.34,15.1,17.6,2.53
2022-07-22,32.6,23.3,27.7,80.0,25.18,0.0,15.1,5.38
2022-07-23,31.5,24.5,27.2,84.0,22.85,14.2,16.8,4.62
2022-07-24,32.2,24.6,28.0,80.0,24.15,0.2,14.4,5.17
2022-07-25,31.0,25.1,27.0,87.0,18.13,8.1,15.0,3.69
2022-07-26,30.9,25.1,26.9,87.0,17.39,13.0,15.3,3.68
2022-07-27,31.1,24.5,26.9,86.0,18.78,7.5,11.9,3.84
2022-07-28,31.4,23.8,27.3,86.0,23.04,5.3,11.9,4.72
2022-07-29,32.5,25.6,28.3,79.0,23.9,0.3,13.8,5.13
2022-07-30,32.2,25.2,27.8,83.0,21.44,3.5,18.2,4.52
2022-07-31,32.2,24.3,27.3,84.0,21.2,14.8,12.3,4.47
2022-08-01,31.1,24.1,26.4,88.0,15.89,24.9,13.6,3.32
2022-08-02,31.4,25.1,27.3,86.0,20.11,13.2,11.2,4.17
2022-08-03,30.4,24.0,26.4,89.0,15.52,17.5,12.9,3.15
2022-08-04,31.6,23.9,26.7,87.0,22.2,8.0,11.5,4.52
2022-08-05,31.2,24.7,26.8,85.0,21.47,13.3,19.6,4.34
2022-08-06,27.7,24.1,25.6,89.0,10.95,17.9,17.5,2.26
2022-08-07,29.4,24.6,26.1,88.0,12.98,30.6,18.8,2.8
2022-08-08,27.2,24.4,25.3,89.0,7.64,27.3,14.8,1.75
2022-08-09,29.4,24.2,25.8,87.0,16.04,12.3,24.6,3.22
2022-08-10,30.3,24.1,26.3,86.0,19.5,9.8,28.9,3.89
2022-08-11,30.5,24.1,26.1,87.0,14.59,19.9,17.6,3.04
2022-08-12,31.8,23.3,26.8,85.0,22.82,13.5,17.8,4.64
2022-08-13,32.4,24.4,28.2,77.0,23.71,0.0,12.7,5.2
2022-08-14,32.1,24.6,27.4,85.0,22.51,9.2,9.8,4.69
2022-08-15,29.0,24.9,26.6,88.0,13.12,11.6,14.8,2.77
2022-08-16,30.9,23.8,26.2,88.0,18.2,10.0,24.0,3.58
2022-08-17,30.9,23.9,26.9,87.0,20.3,6.0,19.4,4.1
2022-08-18,31.8,24.4,27.3,86.0,22.37,12.5,20.7,4.5
2022-08-19,31.2,24.6,27.0,87.0,20.87,7.6,19.6,4.18
2022-08-20,30.2,25.0,26.6,89.0,13.76,15.9,16.9,2.8
2022-08-21,30.7,24.7,26.9,87.0,17.07,7.3,18.4,3.53
2022-08-22,31.7,24.2,27.1,86.0,21.81,5.4,16.4,4.46
2022-08-23,31.3,24.3,26.8,87.0,17.65,15.5,16.4,3.61
2022-08-24,31.8,24.6,27.4,85.0,21.29,5.5,13.7,4.43
2022-08-25,30.8,25.0,26.4,89.0,15.64,17.1,17.1,3.2
2022-08-26,29.1,24.4,26.0,90.0,14.0,17.9,15.9,2.76
2022-08-27,31.7,23.9,27.0,86.0,23.67,25.2,15.0,4.91
2022-08-28,31.2,22.9,26.6,87.0,21.52,3.8,10.7,4.43
2022-08-29,31.2,24.4,27.2,85.0,20.9,9.5,17.1,4.31
2022-08-30,31.5,24.6,26.9,88.0,19.12,17.5,18.7,3.9
2022-08-31,31.5,23.5,27.0,85.0,22.95,15.2,10.0,4.78
2022-09-01,32.2,23.6,26.9,85.0,23.28,20.9,11.8,4.83
2022-09-02,31.9,24.5,27.4,85.0,20.12,14.0,10.5,4.22
2022-09-03,32.1,24.3,27.0,85.0,19.75,16.4,10.7,4.11
2022-09-04,31.3,24.2,26.6,86.0,20.07,21.0,18.7,4.05
2022-09-05,31.2,24.3,26.4,88.0,18.43,14.5,19.8,3.68
2022-09-06,29.8,24.6,26.4,88.0,14.91,11.5,18.7,3.07
2022-09-07,28.8,24.4,25.7,90.0,10.14,18.6,12.9,2.09
2022-09-08,31.3,23.8,26.5,84.0,19.02,2.2,22.1,4.03
2022-09-09,32.0,23.4,26.9,84.0,22.62,19.2,16.0,4.7
2022-09-10,30.8,23.8,26.4,87.0,18.91,5.8,17.3,3.9
2022-09-11,30.2,23.8,26.1,88.0,15.31,16.3,18.4,3.16
2022-09-12,30.6,23.9,26.3,87.0,17.06,15.5,14.4,3.44
2022-09-13,30.9,23.8,26.9,87.0,20.62,5.9,15.3,4.22
2022-09-14,31.4,24.3,26.7,87.0,18.85,14.8,14.8,3.88
2022-09-15,30.8,23.3,26.1,89.0,17.98,15.6,24.0,3.49
2022-09-16,30.7,24.0,26.2,89.0,15.87,19.9,19.0,3.18
2022-09-17,30.9,24.4,26.5,88.0,14.6,20.9,16.1,3.01
2022-09-18,31.1,23.9,26.4,87.0,19.88,10.2,18.7,4.04
2022-09-19,29.6,23.6,26.1,88.0,16.93,13.2,15.7,3.38
2022-09-20,30.8,23.6,26.1,88.0,18.87,12.9,23.7,3.76
2022-09-21,30.0,23.9,26.1,88.0,17.42,11.8,12.5,3.51
2022-09-22,30.4,24.2,26.2,88.0,16.03,16.4,16.1,3.29
2022-09-23,30.4,23.8,26.8,85.0,17.58,0.9,11.8,3.69
2022-09-24,31.0,24.4,26.7,87.0,20.33,21.1,19.1,4.17
2022-09-25,31.5,24.1,26.3,88.0,17.38,26.8,10.4,3.58
2022-09-26,31.2,24.1,26.0,89.0,16.3,30.8,13.8,3.36
2022-09-27,29.6,23.4,25.5,88.0,13.89,14.3,19.8,2.98
2022-09-28,29.1,24.3,25.7,89.0,9.28,13.1,25.7,2.16
2022-09-29,29.4,23.8,25.9,88.0,12.61,14.2,19.9,2.71
2022-09-30,29.6,24.1,26.5,87.0,13.99,2.3,16.3,2.97
2022-10-01,28.4,24.3,25.9,91.0,9.88,35.4,9.4,2.1
2022-10-02,28.6,24.0,26.0,89.0,11.89,11.1,12.9,2.51
2022-10-03,30.4,23.8,26.6,85.0,17.49,8.4,16.4,3.63
2022-10-04,30.0,23.1,26.6,86.0,16.71,4.7,9.4,3.51
2022-10-05,30.3,23.8,25.9,89.0,15.35,25.3,21.6,3.06
2022-10-06,29.3,23.6,25.8,89.0,14.38,5.4,13.6,2.89
2022-10-07,31.4,23.1,26.5,85.0,22.32,14.0,13.6,4.56
2022-10-08,28.4,23.6,25.3,91.0,7.59,8.6,8.8,1.69
2022-10-09,30.3,23.7,26.0,87.0,14.71,16.2,11.2,3.06
2022-10-10,28.8,23.2,25.5,88.0,11.13,6.5,14.1,2.4
2022-10-11,30.4,23.3,26.2,86.0,18.98,4.7,11.2,3.9
2022-10-12,30.8,23.8,26.3,87.0,18.72,4.4,12.8,3.88
2022-10-13,31.3,23.2,26.9,79.0,21.26,0.0,18.0,4.73
2022-10-14,29.8,23.9,26.3,81.0,18.9,0.2,18.1,4.06
2022-10-15,30.0,22.4,25.7,78.0,21.12,0.0,11.7,4.49
2022-10-16,30.8,21.8,26.0,79.0,23.28,0.0,9.4,4.81
2022-10-17,31.3,23.4,27.1,79.0,22.32,3.0,10.5,4.7
2022-10-18,30.6,23.6,26.2,87.0,20.18,6.7,13.3,4.09
2022-10-19,29.8,23.8,25.7,89.0,15.44,23.6,18.2,3.01
2022-10-20,29.4,24.2,25.9,87.0,15.58,16.0,17.9,3.15
2022-10-21,31.2,23.7,26.7,84.0,20.35,1.2,15.1,4.16
2022-10-22,30.9,24.0,26.8,85.0,19.41,1.9,12.1,4.06
2022-10-23,30.7,24.0,26.6,86.0,18.85,13.2,10.5,3.89
2022-10-24,31.0,24.4,26.6,88.0,19.85,14.1,11.8,4.02
2022-10-25,30.4,23.3,26.6,86.0,17.72,17.6,16.2,3.66
2022-10-26,31.2,24.0,26.5,89.0,17.81,12.5,13.8,3.64
2022-10-27,29.8,24.4,25.9,90.0,13.42,12.7,11.8,2.77
2022-10-28,29.8,24.0,26.4,87.0,15.88,3.9,8.2,3.3
2022-10-29,31.2,22.8,26.5,82.0,20.0,4.2,13.1,4.24
2022-10-30,31.1,24.2,27.0,81.0,20.56,0.4,12.1,4.31
2022-10-31,31.3,22.7,26.8,76.0,23.1,0.0,13.7,4.88
2022-11-01,30.8,23.5,26.7,81.0,20.88,0.3,15.8,4.36
2022-11-02,29.6,23.1,25.9,84.0,19.69,3.3,14.8,4.04
2022-11-03,29.0,23.1,25.4,85.0,11.81,2.6,12.8,2.59
2022-11-04,29.8,23.2,25.3,90.0,14.08,13.5,8.0,2.87
2022-11-05,30.1,22.6,25.9,85.0,20.73,12.6,11.2,4.21
2022-11-06,30.9,22.9,26.2,85.0,20.3,2.0,11.9,4.11
2022-11-07,30.9,23.1,26.7,84.0,19.58,0.7,7.6,4.03
2022-11-08,31.8,23.2,27.2,82.0,21.21,0.1,12.6,4.46
2022-11-09,31.4,24.3,27.5,81.0,20.77,0.8,9.6,4.41
2022-11-10,31.5,24.1,27.4,85.0,19.66,8.1,7.6,4.06
2022-11-11,31.6,24.2,26.9,87.0,17.25,8.2,19.8,3.53
2022-11-12,30.8,24.6,26.5,87.0,14.72,6.7,12.1,3.09
2022-11-13,30.9,23.4,26.9,83.0,18.05,0.7,19.8,3.9
2022-11-14,31.2,23.8,27.0,84.0,18.91,1.2,13.0,3.99
2022-11-15,31.5,23.9,27.1,83.0,20.34,2.9,11.2,4.23
2022-11-16,32.0,24.4,27.5,82.0,19.71,0.8,13.4,4.23
2022-11-17,31.9,24.0,27.4,83.0,19.43,7.5,16.0,4.03
2022-11-18,31.4,23.3,26.5,87.0,17.39,11.3,13.8,3.59
2022-11-19,26.9,23.3,24.7,91.0,5.8,10.4,15.0,1.41
2022-11-20,25.5,23.5,24.6,93.0,4.14,31.7,12.4,0.99
2022-11-21,28.9,23.4,25.8,88.0,11.04,2.4,8.0,2.35
2022-11-22,27.8,23.3,25.4,92.0,8.13,17.0,12.1,1.72
2022-11-23,28.5,24.4,25.8,89.0,14.15,10.9,20.7,2.86
2022-11-24,29.1,24.1,25.7,88.0,14.55,8.8,19.6,2.94
2022-11-25,30.5,23.5,26.1,87.0,18.11,3.3,15.8,3.64
2022-11-26,29.6,23.7,25.4,90.0,14.71,26.1,14.4,2.97
2022-11-27,30.1,23.7,26.5,87.0,16.85,4.1,15.0,3.41
2022-11-28,30.7,23.7,26.8,85.0,18.43,4.5,13.3,3.79
2022-11-29,30.9,24.1,27.1,80.0,19.4,0.4,10.2,4.12
2022-11-30,31.0,22.8,26.9,80.0,19.53,0.3,8.8,4.06
2022-12-01,31.8,23.2,27.5,81.0,19.04,0.1,7.1,4.01
2022-12-02,30.1,23.7,27.0,77.0,13.32,0.3,17.2,3.36
2022-12-03,30.4,23.7,26.1,83.0,12.76,8.5,17.7,2.83
2022-12-04,30.7,24.1,26.8,85.0,15.82,3.2,14.6,3.33
2022-12-05,31.5,23.6,26.9,83.0,18.93,6.8,6.9,3.91
2022-12-06,31.1,23.1,26.6,85.0,19.26,1.8,9.9,3.93
2022-12-07,29.8,23.4,25.9,88.0,13.34,4.4,10.6,2.73
2022-12-08,31.0,23.3,26.8,83.0,19.38,0.3,10.5,3.99
2022-12-09,30.7,23.3,26.4,84.0,18.4,1.9,12.7,3.78
2022-12-10,31.1,22.9,26.4,81.0,19.35,0.0,14.3,4.05
2022-12-11,30.3,23.5,26.4,79.0,19.67,0.2,13.2,4.12
2022-12-12,30.1,21.7,25.6,77.0,20.24,0.0,16.9,4.21
2022-12-13,29.4,21.0,24.9,74.0,21.13,0.0,12.9,4.36
2022-12-14,29.6,21.6,25.4,80.0,18.5,0.3,7.9,3.77
2022-12-15,30.3,21.5,25.9,75.0,19.2,0.0,8.8,4.08
2022-12-16,31.3,23.0,26.8,81.0,17.01,0.0,11.7,3.65
2022-12-17,31.6,23.3,27.0,75.0,13.55,0.0,17.6,3.42
2022-12-18,30.3,23.7,26.6,58.0,18.76,0.0,26.0,5.92
2022-12-19,30.2,21.6,25.3,65.0,19.99,0.0,18.8,4.73
2022-12-20,30.7,20.9,25.5,70.0,20.23,0.0,12.3,4.33
2022-12-21,31.1,22.4,26.3,75.0,19.8,0.2,13.6,4.19
2022-12-22,31.2,21.8,26.1,77.0,19.48,0.1,15.1,4.15
2022-12-23,30.2,20.2,24.8,66.0,21.59,0.0,14.5,4.53
2022-12-24,29.5,18.3,24.3,61.0,19.78,0.0,14.0,4.59
2022-12-25,29.7,19.3,24.5,60.0,19.63,0.0,11.3,4.34
2022-12-26,29.4,18.7,24.4,68.0,19.5,0.0,14.2,4.09
2022-12-27,29.9,20.4,24.9,68.0,19.14,0.0,9.0,4.04
2022-12-28,30.7,20.0,25.4,73.0,20.85,0.0,13.9,4.46
2022-12-29,31.6,20.7,26.0,72.0,19.78,0.0,15.5,4.29
2022-12-30,28.7,23.1,25.8,72.0,13.63,0.8,14.7,3.29
2022-12-31,30.6,21.5,25.6,59.0,18.0,0.0,12.7,4.62
2023-01-01,29.5,21.8,25.4,66.0,15.76,0.0,13.5,3.86
2023-01-02,31.8,22.1,25.9,78.0,18.04,2.9,15.6,3.89
2023-01-03,31.9,22.6,26.3,80.0,17.87,2.1,13.3,3.93
2023-01-04,31.5,23.2,26.7,66.0,12.93,0.0,18.5,4.11
2023-01-05,26.6,22.6,24.3,77.0,5.07,4.0,20.1,2.27
2023-01-06,27.8,20.9,24.0,75.0,9.87,12.5,20.2,3.04
2023-01-07,27.6,21.4,23.8,80.0,10.54,14.6,17.8,2.73
2023-01-08,27.2,21.0,23.8,84.0,8.75,1.5,9.7,1.95
2023-01-09,27.8,22.8,24.7,90.0,11.45,20.2,9.3,2.29
2023-01-10,26.7,23.0,24.6,88.0,9.28,20.2,19.7,2.07
2023-01-11,29.0,23.2,25.6,79.0,17.03,0.4,16.1,3.77
2023-01-12,29.2,23.0,25.5,83.0,14.6,6.1,12.5,3.12
2023-01-13,29.8,22.5,25.9,85.0,17.98,4.4,8.6,3.64
2023-01-14,31.2,23.4,26.8,82.0,19.57,0.3,9.3,4.06
2023-01-15,31.1,22.6,26.7,80.0,17.96,0.1,15.1,3.86
2023-01-16,30.6,22.7,26.3,80.0,17.53,0.5,13.4,3.71
2023-01-17,30.3,21.4,25.7,77.0,21.27,0.3,13.0,4.33
2023-01-18,30.1,20.7,25.4,72.0,18.71,0.0,9.7,4.08
2023-01-19,30.6,22.2,25.9,68.0,19.86,0.0,11.6,4.42
2023-01-20,31.1,22.1,26.4,73.0,19.62,0.0,10.2,4.24
2023-01-21,31.6,22.4,27.0,71.0,20.9,0.0,10.0,4.5
2023-01-22,31.4,23.2,27.1,77.0,18.29,0.4,10.6,3.97
2023-01-23,32.3,23.4,27.5,76.0,19.48,0.0,12.2,4.35
2023-01-24,32.4,22.9,27.3,73.0,20.39,1.5,7.7,4.41
2023-01-25,31.2,22.8,26.1,60.0,19.2,0.0,16.2,4.81
2023-01-26,32.1,21.7,26.3,63.0,20.32,0.0,11.0,4.71
2023-01-27,31.6,22.1,26.2,77.0,18.1,1.8,18.6,3.99
2023-01-28,31.1,23.3,26.7,58.0,18.97,0.0,15.6,4.93
2023-01-29,30.6,21.5,25.3,60.0,17.04,0.0,9.2,4.04
2023-01-30,29.7,20.5,24.7,63.0,21.07,0.0,11.8,4.7
2023-01-31,31.2,20.9,25.8,74.0,21.86,0.0,17.7,4.66
2023-02-01,31.5,22.6,26.6,74.0,17.68,0.4,14.9,4.06
2023-02-02,32.8,23.5,27.4,74.0,18.5,1.3,16.9,4.38
2023-02-03,33.9,23.4,28.0,67.0,20.15,0.0,18.1,5.19
2023-02-04,33.5,22.3,27.7,66.0,21.38,0.1,17.8,5.42
2023-02-05,33.5,22.9,27.5,65.0,22.61,0.0,14.1,5.41
2023-02-06,33.7,22.3,27.2,67.0,21.87,0.0,19.0,5.23
2023-02-07,33.5,23.2,27.4,69.0,21.16,0.4,19.5,5.15
2023-02-08,33.5,23.2,27.7,71.0,21.2,0.5,15.8,5.03
2023-02-09,33.0,24.0,27.9,65.0,20.98,0.0,17.3,5.56
2023-02-10,34.6,22.7,27.6,63.0,22.79,0.0,21.4,6.03
2023-02-11,34.5,22.3,27.4,71.0,21.45,0.0,20.1,5.07
2023-02-12,34.5,23.2,27.7,71.0,21.25,0.0,19.6,5.1
2023-02-13,33.2,23.1,27.4,76.0,21.11,0.0,19.9,4.96
2023-02-14,33.0,22.7,26.9,77.0,20.65,0.0,21.2,4.75
2023-02-15,32.6,22.8,27.5,65.0,21.94,0.1,16.2,5.19
2023-02-16,32.7,20.4,26.6,63.0,21.53,0.0,16.1,5.0
2023-02-17,33.7,21.8,27.1,63.0,20.12,0.6,16.0,4.91
2023-02-18,31.1,23.3,26.5,72.0,14.38,0.1,14.3,3.41
2023-02-19,33.0,24.1,27.2,75.0,20.44,1.6,16.8,4.49
2023-02-20,30.8,23.0,26.3,75.0,18.14,2.5,21.9,4.04
2023-02-21,32.6,21.9,26.7,70.0,22.47,0.0,16.9,4.91
2023-02-22,31.6,22.3,26.7,69.0,21.67,1.3,18.0,4.89
2023-02-23,32.5,22.3,26.9,69.0,22.57,0.0,17.3,4.98
2023-02-24,33.4,22.5,27.0,69.0,23.42,0.0,19.7,5.3
2023-02-25,31.9,21.8,26.4,64.0,22.79,0.0,14.5,5.11
2023-02-26,34.3,21.8,27.2,54.0,22.85,0.0,13.6,5.79
2023-02-27,33.5,22.4,27.3,57.0,22.95,0.0,13.6,5.78
2023-02-28,33.8,23.2,27.5,65.0,18.98,0.1,15.4,4.79
2023-03-01,32.5,23.8,27.5,71.0,19.79,0.0,13.5,4.5
2023-03-02,33.7,23.2,27.9,65.0,23.13,0.0,14.4,5.22
2023-03-03,33.5,22.0,27.2,65.0,23.6,0.0,14.6,5.14
2023-03-04,32.2,21.6,26.6,63.0,23.66,0.0,13.9,5.19
2023-03-05,31.4,21.0,26.1,62.0,24.85,0.0,13.5,5.3
2023-03-06,32.0,20.0,25.8,64.0,24.24,0.0,22.8,5.42
2023-03-07,32.6,21.1,26.2,64.0,24.92,0.0,17.9,5.62
2023-03-08,33.0,21.0,26.7,62.0,25.07,0.0,20.5,5.82
2023-03-09,33.3,20.6,26.1,63.0,25.56,0.0,18.4,5.75
2023-03-10,33.4,20.8,26.1,68.0,25.29,0.0,22.0,5.69
2023-03-11,33.7,21.5,26.6,69.0,24.03,0.0,19.8,5.67
2023-03-12,32.0,21.4,26.3,68.0,21.49,0.0,22.6,5.01
2023-03-13,33.2,21.3,26.8,63.0,24.28,0.0,19.2,5.51
2023-03-14,33.5,21.2,26.7,63.0,25.67,0.0,18.3,5.92
2023-03-15,34.6,22.0,27.1,63.0,24.51,0.0,24.2,6.15
2023-03-16,34.8,22.7,27.8,61.0,24.04,0.0,22.7,6.17
2023-03-17,34.5,22.7,27.9,65.0,23.35,0.0,19.3,5.81
2023-03-18,34.8,23.5,27.9,64.0,21.33,0.0,22.0,5.47
2023-03-19,37.1,23.7,28.5,64.0,24.26,0.0,24.0,6.28
2023-03-20,34.7,24.1,28.2,70.0,21.83,0.3,19.0,5.53
2023-03-21,34.7,24.3,28.3,73.0,23.05,0.0,17.1,5.57
2023-03-22,35.3,24.1,28.3,74.0,23.73,0.0,19.6,5.73
2023-03-23,34.5,24.1,28.4,73.0,20.17,0.0,16.2,5.05
2023-03-24,35.3,23.9,28.5,73.0,23.87,0.1,18.7,5.61
2023-03-25,33.3,24.7,27.9,74.0,17.65,0.0,19.5,4.59
2023-03-26,35.0,23.0,28.1,73.0,24.4,0.0,16.9,5.82
2023-03-27,35.3,24.5,28.9,72.0,23.77,0.0,21.3,5.96
2023-03-28,35.5,25.4,29.2,70.0,22.75,0.8,20.5,6.01
2023-03-29,34.8,24.7,29.2,65.0,24.19,0.0,17.7,5.83
2023-03-30,34.5,24.6,28.8,70.0,22.97,1.1,18.0,5.66
2023-03-31,33.8,25.3,28.7,70.0,21.19,0.4,16.4,5.41
2023-04-01,34.4,24.7,28.5,72.0,21.72,0.0,21.4,5.48
2023-04-02,34.6,23.4,28.5,73.0,23.37,0.3,19.1,5.7
2023-04-03,33.8,25.2,28.0,78.0,18.87,8.8,19.8,4.38
2023-04-04,34.1,24.6,28.6,76.0,22.55,0.4,16.9,5.36
2023-04-05,34.1,25.4,29.0,73.0,22.41,0.7,17.9,5.51
2023-04-06,34.8,25.2,29.1,75.0,22.01,0.3,17.7,5.35
2023-04-07,34.9,26.0,29.7,69.0,23.34,0.0,19.3,6.12
2023-04-08,35.7,25.0,29.9,65.0,24.56,0.0,18.8,6.54
2023-04-09,36.5,25.8,30.1,67.0,23.5,0.2,16.5,5.82
2023-04-10,36.0,25.6,29.3,73.0,20.72,1.5,17.0,4.99
2023-04-11,33.5,26.3,29.2,72.0,19.03,1.5,13.4,4.73
2023-04-12,34.0,25.4,29.3,75.0,19.91,1.3,15.0,4.79
2023-04-13,34.4,25.3,29.2,76.0,22.51,4.4,15.5,5.28
2023-04-14,34.3,24.5,29.1,77.0,21.96,4.5,17.8,5.2
2023-04-15,33.7,25.3,28.2,81.0,19.07,53.1,15.6,4.35
2023-04-16,32.4,24.8,28.0,82.0,16.83,16.2,13.8,3.91
2023-04-17,33.5,25.6,28.9,77.0,23.24,0.2,20.7,5.42
2023-04-18,33.5,25.9,29.2,74.0,22.67,0.8,16.3,5.5
2023-04-19,33.7,25.0,29.2,76.0,21.95,1.0,16.7,5.21
2023-04-20,36.0,26.6,30.4,71.0,22.6,1.3,14.4,5.61
2023-04-21,35.7,26.5,30.0,74.0,20.86,1.2,12.5,4.98
2023-04-22,35.2,26.7,30.1,75.0,22.91,0.1,17.8,5.57
2023-04-23,35.4,26.3,30.1,72.0,24.28,0.0,18.4,6.13
2023-04-24,36.1,25.5,30.3,69.0,23.67,0.6,12.7,5.74
2023-04-25,36.9,26.4,30.7,67.0,25.11,0.3,21.4,6.49
2023-04-26,35.5,26.6,30.5,65.0,23.84,0.0,15.5,5.9
2023-04-27,36.5,26.1,30.5,68.0,24.18,0.2,20.4,6.14
2023-04-28,36.3,26.3,30.8,63.0,24.34,0.0,17.1,6.25
2023-04-29,36.4,26.3,30.6,65.0,22.77,0.3,16.7,5.88
2023-04-30,34.6,26.7,29.8,72.0,21.41,4.5,14.5,5.18
2023-05-01,36.3,26.2,30.5,65.0,24.71,0.4,17.9,6.3
2023-05-02,36.7,26.2,30.7,62.0,23.79,1.1,20.0,6.28
2023-05-03,36.4,27.2,31.2,63.0,24.1,0.8,15.5,6.3
2023-05-04,37.0,27.3,30.9,67.0,23.67,0.0,19.9,6.15
2023-05-05,36.5,27.3,31.4,65.0,23.88,0.0,12.8,5.87
2023-05-06,37.2,27.2,31.8,65.0,23.66,0.2,19.5,6.04
2023-05-07,36.5,28.3,31.0,71.0,17.6,6.4,12.5,4.58
2023-05-08,35.4,26.2,29.1,79.0,16.22,18.5,19.4,3.85
2023-05-09,33.0,25.9,27.8,85.0,15.61,10.0,16.8,3.38
2023-05-10,32.4,25.3,28.4,82.0,21.78,6.4,15.7,4.68
2023-05-11,31.9,26.4,28.9,80.0,19.49,1.6,10.8,4.43
2023-05-12,32.8,26.4,28.7,81.0,19.55,3.6,15.6,4.3
2023-05-13,33.2,26.1,29.3,79.0,23.2,0.8,13.3,5.25
2023-05-14,33.2,25.7,28.7,79.0,22.18,3.7,17.3,4.96
2023-05-15,34.0,25.7,29.2,78.0,22.23,1.5,14.0,4.95
2023-05-16,34.5,26.4,29.3,80.0,20.87,3.5,15.1,4.63
2023-05-17,34.4,25.9,28.9,81.0,19.67,6.9,11.2,4.37
2023-05-18,34.3,26.0,28.8,82.0,21.02,12.4,17.0,4.64
2023-05-19,34.9,25.6,29.7,77.0,24.54,0.2,17.6,5.51
2023-05-20,33.0,26.8,28.8,81.0,15.09,5.3,19.8,3.48
2023-05-21,31.8,26.1,28.0,85.0,17.01,6.6,19.2,3.61
2023-05-22,33.1,25.2,27.8,84.0,20.01,9.1,18.4,4.26
2023-05-23,32.8,25.3,27.9,84.0,20.95,12.9,24.0,4.4
2023-05-24,32.8,25.8,28.0,84.0,17.14,7.8,11.8,3.76
2023-05-25,31.2,24.6,27.4,85.0,18.41,11.1,14.3,3.82
2023-05-26,31.1,25.6,27.4,86.0,14.18,7.0,10.6,3.02
2023-05-27,29.9,24.6,26.3,88.0,14.48,34.9,19.0,3.01
2023-05-28,30.9,24.7,26.9,87.0,19.27,10.8,19.2,3.83
2023-05-29,31.2,24.5,27.1,87.0,15.58,13.3,12.7,3.24
2023-05-30,30.3,25.2,27.0,88.0,12.96,16.0,17.9,2.79
2023-05-31,31.8,25.8,27.6,86.0,15.9,12.9,15.4,3.41
2023-06-01,31.1,25.3,27.2,87.0,14.56,9.3,20.5,3.13
2023-06-02,31.6,25.7,27.9,87.0,18.49,7.8,16.4,3.82
2023-06-03,32.8,25.6,27.9,87.0,20.21,7.9,15.6,4.16
2023-06-04,32.1,25.3,27.4,89.0,18.33,20.2,14.5,3.8
2023-06-05,30.5,25.4,26.7,89.0,11.57,32.9,11.7,2.47
2023-06-06,31.0,25.1,27.2,86.0,16.72,17.4,17.5,3.56
2023-06-07,28.6,25.0,26.6,89.0,7.66,8.1,17.4,1.86
2023-06-08,29.6,25.4,27.3,87.0,13.22,3.4,15.9,2.88
2023-06-09,31.2,25.3,27.5,84.0,17.82,10.5,16.6,3.84
2023-06-10,31.6,24.9,27.0,88.0,16.39,15.9,19.8,3.39
2023-06-11,31.6,25.5,27.9,81.0,18.77,1.5,22.0,4.27
2023-06-12,31.3,25.4,27.1,86.0,15.17,17.1,23.2,3.23
2023-06-13,30.8,24.6,27.2,85.0,12.77,0.8,13.0,2.92
2023-06-14,31.4,25.5,27.8,85.0,18.63,11.2,14.6,3.92
2023-06-15,32.8,24.4,28.3,81.0,22.1,2.9,20.5,4.79
2023-06-16,32.4,25.3,27.7,87.0,19.74,23.9,18.4,4.12
2023-06-17,31.5,25.2,27.0,88.0,16.47,12.3,14.3,3.41
2023-06-18,31.7,24.8,26.9,85.0,20.6,15.2,17.1,4.22
2023-06-19,32.0,23.9,27.5,83.0,21.91,8.5,15.5,4.57
2023-06-20,32.5,25.3,28.1,83.0,21.7,7.1,16.6,4.59
2023-06-21,30.8,25.0,27.6,87.0,17.01,11.1,9.4,3.6
2023-06-22,32.2,24.7,27.7,84.0,20.76,16.5,12.1,4.38
2023-06-23,33.1,25.6,28.3,83.0,23.59,8.9,9.7,4.95
2023-06-24,32.3,25.3,27.7,86.0,22.28,4.2,22.0,4.49
2023-06-25,31.7,25.3,27.1,88.0,19.27,11.2,13.7,3.95
2023-06-26,32.4,24.4,27.5,85.0,22.47,2.2,18.0,4.75
2023-06-27,31.8,24.3,27.4,86.0,20.79,7.6,8.4,4.32
2023-06-28,31.1,24.9,27.2,87.0,17.4,6.7,14.3,3.6
2023-06-29,32.4,25.4,27.5,86.0,20.31,20.1,17.2,4.19
2023-06-30,31.6,25.4,27.8,85.0,19.35,11.2,17.8,4.0
2023-07-01,31.7,25.4,27.1,88.0,14.4,29.8,17.6,3.09
2023-07-02,29.6,25.0,26.5,88.0,12.94,13.2,16.6,2.77
2023-07-03,31.8,24.3,27.1,86.0,21.57,9.7,17.3,4.46
2023-07-04,32.3,24.3,27.9,80.0,23.08,0.1,12.5,4.93
2023-07-05,31.8,24.7,27.0,88.0,18.8,28.7,14.5,3.89
2023-07-06,31.5,24.2,27.0,87.0,21.66,18.2,12.4,4.49
2023-07-07,31.9,24.7,28.0,82.0,21.87,3.2,15.3,4.72
2023-07-08,30.1,25.6,27.5,85.0,17.39,13.6,15.8,3.66
2023-07-09,30.5,24.7,26.8,88.0,16.74,19.0,13.9,3.42
2023-07-10,32.0,24.2,27.7,83.0,22.38,2.7,13.7,4.71
2023-07-11,32.4,25.2,28.1,82.0,23.63,4.1,14.0,4.93
2023-07-12,32.0,24.2,28.0,84.0,21.7,2.2,10.4,4.5
2023-07-13,31.9,25.5,27.5,88.0,19.44,16.5,12.8,3.94
2023-07-14,31.8,24.7,26.9,88.0,21.36,16.2,16.9,4.23
2023-07-15,30.1,25.3,27.1,88.0,13.54,14.9,19.9,2.81
2023-07-16,30.9,25.9,27.4,84.0,15.71,10.6,23.5,3.59
2023-07-17,29.5,25.1,26.5,87.0,12.03,23.8,26.7,2.78
2023-07-18,29.6,25.0,26.4,88.0,14.15,18.4,20.7,3.01
2023-07-19,30.8,25.0,26.8,87.0,18.1,10.1,18.1,3.77
2023-07-20,28.2,24.6,25.9,91.0,9.34,26.5,13.9,2.02
2023-07-21,29.9,24.7,26.3,89.0,16.11,19.4,13.2,3.28
2023-07-22,29.3,24.2,26.0,90.0,12.4,9.8,15.2,2.56
2023-07-23,29.9,24.6,26.3,89.0,15.43,8.7,24.0,3.1
2023-07-24,30.4,24.3,26.2,90.0,14.0,19.7,22.7,2.84
2023-07-25,30.2,24.5,26.5,89.0,14.18,17.8,19.7,2.91
2023-07-26,31.1,24.9,26.9,88.0,19.18,21.8,21.9,3.79
2023-07-27,30.3,25.5,26.6,90.0,13.12,38.5,23.0,2.78
2023-07-28,31.7,25.2,27.0,88.0,18.74,21.0,20.5,3.83
2023-07-29,29.5,25.0,26.8,88.0,13.12,18.0,23.6,2.9
2023-07-30,30.1,24.8,26.8,88.0,14.09,15.8,20.3,3.02
2023-07-31,31.1,25.0,27.1,86.0,16.62,9.9,22.1,3.49
2023-08-01,31.0,25.3,26.8,89.0,13.21,22.4,22.1,2.81
2023-08-02,32.1,25.1,27.2,87.0,18.5,11.0,17.6,3.78
2023-08-03,30.6,25.2,27.1,86.0,17.66,24.0,23.6,3.69
2023-08-04,31.8,25.0,27.4,86.0,18.81,16.0,21.6,3.92
2023-08-05,31.9,24.9,27.6,84.0,22.82,6.4,21.7,4.64
2023-08-06,32.7,24.4,28.0,81.0,22.76,5.6,19.9,4.94
2023-08-07,31.7,25.3,28.1,82.0,22.28,3.0,18.2,4.75
2023-08-08,31.5,25.2,27.8,83.0,21.74,5.2,19.5,4.58
2023-08-09,32.0,25.0,28.1,82.0,20.7,2.7,15.7,4.48
2023-08-10,32.5,25.3,28.3,81.0,23.67,2.7,16.6,5.08
2023-08-11,31.7,25.7,28.2,82.0,21.82,2.0,18.7,4.7
2023-08-12,31.3,25.4,27.6,85.0,21.4,17.2,21.2,4.36
2023-08-13,30.2,25.3,27.5,86.0,16.61,13.6,17.7,3.47
2023-08-14,31.7,25.2,27.5,85.0,19.08,10.8,19.1,3.98
2023-08-15,31.3,24.1,27.5,84.0,20.27,9.3,17.8,4.29
2023-08-16,31.6,24.9,27.2,85.0,19.34,19.0,18.0,4.02
2023-08-17,31.0,25.1,27.4,86.0,19.86,6.5,16.3,4.1
2023-08-18,31.3,24.6,27.0,87.0,19.75,11.3,13.1,4.04
2023-08-19,31.3,24.8,26.5,90.0,18.08,29.2,16.8,3.6
2023-08-20,30.5,25.1,26.5,89.0,15.94,14.4,18.5,3.29
2023-08-21,31.4,24.8,27.0,86.0,19.22,18.2,20.6,4.0
2023-08-22,31.9,24.3,27.5,85.0,22.8,7.0,15.4,4.7
2023-08-23,32.5,24.4,28.1,79.0,23.34,0.1,15.8,5.18
2023-08-24,32.3,24.6,28.2,78.0,23.83,1.4,14.9,5.26
2023-08-25,32.7,24.8,28.3,81.0,23.52,3.2,15.0,5.03
2023-08-26,32.3,25.2,27.5,87.0,20.01,31.9,19.2,4.16
2023-08-27,31.9,24.8,26.9,89.0,17.05,39.1,19.5,3.51
2023-08-28,31.7,25.1,27.0,88.0,16.39,31.6,15.5,3.4
2023-08-29,31.4,25.1,26.8,88.0,16.06,24.6,18.2,3.33
2023-08-30,31.3,24.7,27.1,87.0,18.4,9.1,19.2,3.7
2023-08-31,30.2,25.3,26.9,90.0,16.1,16.9,19.6,3.24
2023-09-01,30.4,25.0,26.2,90.0,11.56,20.2,16.7,2.44
2023-09-02,29.0,25.0,26.5,89.0,12.94,27.0,21.4,2.79
2023-09-03,31.3,25.0,27.0,87.0,16.12,15.5,20.9,3.41
2023-09-04,30.1,24.8,26.7,88.0,13.58,14.1,21.1,2.92
2023-09-05,30.3,24.5,26.7,88.0,16.53,20.1,22.4,3.4
2023-09-06,30.6,24.6,26.9,86.0,13.47,7.3,12.1,2.97
2023-09-07,31.7,24.5,27.1,88.0,18.51,11.5,16.1,3.8
2023-09-08,31.5,24.4,27.1,87.0,17.51,9.5,17.8,3.64
2023-09-09,31.3,24.6,26.7,88.0,17.84,17.8,17.2,3.7
2023-09-10,30.1,24.9,26.4,89.0,12.72,19.7,18.1,2.7
2023-09-11,31.2,24.4,27.1,84.0,19.43,7.6,17.7,4.12
2023-09-12,30.9,24.0,26.7,85.0,18.04,10.3,15.3,3.7
2023-09-13,31.5,24.6,26.8,87.0,18.64,7.4,15.1,3.76
2023-09-14,30.7,24.3,26.7,87.0,18.79,16.4,21.5,3.75
2023-09-15,29.8,24.7,26.2,88.0,13.23,24.4,18.8,2.76
2023-09-16,30.4,24.0,26.3,88.0,15.66,10.6,17.7,3.21
2023-09-17,31.7,23.9,26.8,86.0,21.3,21.6,12.2,4.37
2023-09-18,31.7,24.1,27.2,85.0,21.47,9.3,10.4,4.46
2023-09-19,32.1,24.5,27.1,87.0,21.3,12.4,10.5,4.4
2023-09-20,31.8,24.6,27.3,86.0,21.0,19.8,11.0,4.29
2023-09-21,30.3,23.9,26.3,90.0,13.8,32.1,13.7,2.82
2023-09-22,31.1,23.6,26.8,88.0,19.56,25.4,13.2,4.02
2023-09-23,30.4,24.0,26.5,87.0,16.43,2.0,13.1,3.35
2023-09-24,31.0,24.8,26.6,88.0,17.47,20.4,12.6,3.6
2023-09-25,30.6,24.5,26.3,89.0,15.14,21.5,17.1,3.14
2023-09-26,29.3,24.3,26.0,90.0,12.34,17.7,19.6,2.59
2023-09-27,29.3,24.5,26.1,90.0,12.28,27.8,15.3,2.52
2023-09-28,30.8,24.1,26.5,90.0,16.33,14.7,18.2,3.3
2023-09-29,31.8,24.6,27.4,86.0,21.88,24.5,20.0,4.59
2023-09-30,30.5,24.0,26.5,85.0,16.93,13.5,22.5,3.6
2023-10-01,31.5,24.0,26.4,90.0,16.66,38.7,13.6,3.36
2023-10-02,29.0,24.0,25.7,92.0,10.76,46.6,16.0,2.27
2023-10-03,30.7,23.8,26.4,86.0,18.19,8.9,13.2,3.81
2023-10-04,31.1,24.0,27.1,87.0,17.0,3.0,16.4,3.6
2023-10-05,31.3,24.2,26.9,88.0,18.33,5.1,13.6,3.75
2023-10-06,32.2,24.8,27.1,87.0,18.62,15.3,14.0,3.83
2023-10-07,32.1,24.9,27.0,89.0,16.33,20.4,13.8,3.45
2023-10-08,32.1,24.9,27.3,85.0,19.25,11.6,16.1,4.1
2023-10-09,31.8,24.3,27.6,82.0,21.17,1.5,15.9,4.5
2023-10-10,31.2,24.5,27.6,85.0,17.83,1.5,11.3,3.75
2023-10-11,31.4,24.7,27.3,88.0,17.82,5.7,18.2,3.65
2023-10-12,31.7,23.4,26.8,90.0,17.29,28.1,12.7,3.53
2023-10-13,31.0,23.5,26.6,87.0,19.84,3.8,12.5,4.14
2023-10-14,31.0,24.5,27.0,87.0,17.63,11.2,10.2,3.69
2023-10-15,30.1,24.1,26.4,88.0,14.61,26.4,8.2,3.04
2023-10-16,29.7,23.9,25.9,90.0,13.53,29.1,18.7,2.74
2023-10-17,30.9,23.8,26.3,89.0,16.0,19.5,10.0,3.3
2023-10-18,30.9,24.5,26.7,89.0,17.49,14.7,12.6,3.53
2023-10-19,31.7,25.1,27.4,86.0,20.29,7.3,10.1,4.22
2023-10-20,31.9,24.7,27.7,84.0,21.94,11.6,13.0,4.56
2023-10-21,30.6,24.4,26.5,88.0,19.18,10.7,14.3,3.78
2023-10-22,31.8,24.0,26.9,86.0,21.13,11.8,16.6,4.42
2023-10-23,30.4,23.8,25.9,89.0,15.48,10.9,10.4,3.16
2023-10-24,31.5,23.2,27.1,84.0,21.54,4.4,12.7,4.47
2023-10-25,30.5,24.4,26.3,89.0,17.98,21.3,15.8,3.53
2023-10-26,30.9,24.1,26.9,86.0,20.28,5.9,10.3,4.11
2023-10-27,31.1,24.4,27.4,84.0,20.58,7.5,9.7,4.31
2023-10-28,31.6,24.2,26.8,88.0,18.89,7.4,14.4,3.89
2023-10-29,31.0,24.6,26.5,90.0,15.94,16.6,9.5,3.26
2023-10-30,31.1,23.8,26.7,88.0,18.9,8.2,9.2,3.86
2023-10-31,32.0,24.0,26.5,89.0,18.09,3.9,18.7,3.65
2023-11-01,31.8,24.1,26.7,88.0,18.88,8.2,11.0,3.91
2023-11-02,31.8,23.3,26.8,86.0,20.85,1.0,11.6,4.3
2023-11-03,31.2,24.0,26.7,88.0,17.91,16.7,12.8,3.68
2023-11-04,31.8,24.2,27.5,85.0,20.6,2.5,9.4,4.3
2023-11-05,32.1,25.0,27.3,87.0,19.49,7.5,11.7,3.99
2023-11-06,32.0,24.2,27.7,83.0,20.82,1.2,13.0,4.44
2023-11-07,30.3,25.0,27.0,87.0,13.25,6.0,8.1,2.79
2023-11-08,31.6,24.4,27.5,84.0,19.1,3.3,14.5,4.04
2023-11-09,32.0,24.5,27.4,86.0,18.96,10.6,11.8,3.96
2023-11-10,29.7,24.1,26.6,88.0,11.16,1.6,10.3,2.39
2023-11-11,32.1,24.1,27.5,83.0,19.75,1.5,14.5,4.17
2023-11-12,31.8,24.2,27.2,85.0,19.33,7.4,10.9,3.95
2023-11-13,32.8,23.5,27.6,84.0,20.55,3.8,10.2,4.31
2023-11-14,32.1,24.1,26.9,88.0,16.36,3.2,16.4,3.37
2023-11-15,30.5,24.1,26.5,88.0,14.88,20.9,11.1,3.08
2023-11-16,29.7,24.1,26.7,88.0,12.59,0.0,12.3,2.68
2023-11-17,31.1,23.5,26.6,85.0,18.34,7.1,15.3,3.88
2023-11-18,30.6,23.0,26.3,70.0,21.56,0.0,16.0,5.02
2023-11-19,30.0,21.6,25.6,75.0,18.7,0.0,11.5,4.09
2023-11-20,30.6,22.8,26.5,76.0,19.78,0.0,11.1,4.24
2023-11-21,30.9,22.8,26.7,80.0,18.54,0.7,12.5,3.94
2023-11-22,31.4,22.9,26.9,81.0,17.4,0.0,11.5,3.65
2023-11-23,29.4,24.4,26.7,85.0,9.51,0.6,9.8,2.17
2023-11-24,28.3,23.9,25.5,86.0,6.72,0.4,10.1,1.66
2023-11-25,30.5,22.2,25.9,81.0,15.65,7.2,10.7,3.37
2023-11-26,30.7,23.7,26.5,87.0,14.3,2.1,8.7,3.04
2023-11-27,30.7,23.5,26.9,78.0,16.26,0.0,13.0,3.67
2023-11-28,31.4,22.2,26.5,72.0,20.08,0.3,11.8,4.4
2023-11-29,32.0,23.8,27.0,80.0,19.22,5.2,12.1,4.16
2023-11-30,31.7,24.0,26.8,87.0,17.79,8.7,15.8,3.68
2023-12-01,32.0,24.6,27.9,81.0,18.26,0.3,10.7,3.97
2023-12-02,29.1,23.2,26.3,84.0,8.47,2.9,6.9,1.93
2023-12-03,30.1,24.5,26.7,85.0,11.53,7.9,8.9,2.49
2023-12-04,31.6,23.9,27.1,85.0,18.34,0.3,14.1,3.82
2023-12-05,31.7,24.1,27.6,82.0,18.73,0.8,11.5,4.03
2023-12-06,31.6,23.9,27.5,82.0,17.06,0.6,12.0,3.68
2023-12-07,31.6,24.1,27.4,81.0,19.76,0.1,11.9,4.19
2023-12-08,30.6,24.1,27.1,81.0,14.97,0.1,12.7,3.29
2023-12-09,31.5,24.0,27.4,79.0,17.59,0.1,13.6,3.83
2023-12-10,32.2,24.1,27.6,74.0,18.54,0.1,14.3,4.23
2023-12-11,33.2,23.1,27.6,74.0,20.99,0.0,15.0,4.74
2023-12-12,33.2,23.3,27.7,73.0,20.58,0.0,13.9,4.7
2023-12-13,32.5,23.1,27.6,76.0,18.09,0.0,9.6,4.0
2023-12-14,33.9,24.3,28.5,71.0,20.51,0.0,14.6,4.87
2023-12-15,33.3,23.2,27.9,71.0,19.88,0.0,13.5,4.6
2023-12-16,32.6,23.3,27.8,74.0,19.71,0.2,16.1,4.38
2023-12-17,33.3,23.1,27.8,76.0,19.56,0.3,12.0,4.38
2023-12-18,32.5,23.6,27.5,78.0,18.45,1.9,11.2,4.02
2023-12-19,32.8,22.9,27.4,75.0,18.8,0.0,10.2,4.21
2023-12-20,32.6,23.3,26.9,72.0,18.76,6.4,16.1,4.33
2023-12-21,33.4,24.8,28.1,60.0,19.77,0.0,21.5,5.76
2023-12-22,31.3,24.0,26.8,63.0,15.03,1.1,22.7,4.56
2023-12-23,31.9,24.2,26.8,60.0,15.4,0.0,21.3,5.12
2023-12-24,31.1,24.2,26.8,67.0,15.1,0.1,14.9,4.01
2023-12-25,31.2,23.0,26.5,65.0,19.55,0.0,14.1,4.66
2023-12-26,31.3,21.7,26.3,67.0,20.38,0.0,9.9,4.5
2023-12-27,31.7,21.7,26.6,74.0,18.4,0.2,9.2,3.97
2023-12-28,32.7,22.8,27.6,78.0,19.39,0.5,10.1,4.21
2023-12-29,32.6,24.1,27.9,80.0,19.04,0.3,9.4,4.07
2023-12-30,32.3,23.8,28.0,78.0,19.1,0.2,11.5,4.09
2023-12-31,32.8,24.2,28.0,75.0,19.59,0.1,15.5,4.37
2024-01-01,32.6,23.6,27.7,75.0,19.21,0.0,12.6,4.19
2024-01-02,32.5,23.8,27.8,77.0,19.83,0.1,14.6,4.34
2024-01-03,32.7,24.1,28.0,74.0,19.65,0.0,15.2,4.38
2024-01-04,32.8,23.0,27.4,71.0,19.81,0.0,15.6,4.42
2024-01-05,32.3,22.9,27.0,72.0,18.36,0.0,13.7,4.13
2024-01-06,32.8,22.7,27.6,73.0,19.89,0.5,10.3,4.21
2024-01-07,32.3,23.9,27.6,77.0,19.31,0.0,13.5,4.26
2024-01-08,30.9,23.5,27.1,76.0,16.51,1.0,10.0,3.6
2024-01-09,32.7,23.8,27.7,73.0,20.26,0.1,12.9,4.43
2024-01-10,32.5,23.3,27.5,73.0,19.53,0.1,16.0,4.41
2024-01-11,32.6,23.2,27.3,73.0,19.61,0.4,18.3,4.46
2024-01-12,32.0,22.2,26.5,74.0,20.28,0.1,21.0,4.45
2024-01-13,31.2,21.9,26.2,72.0,18.35,0.0,14.3,3.98
2024-01-14,31.5,21.2,26.1,68.0,19.36,0.0,12.6,4.19
2024-01-15,32.1,21.7,26.6,71.0,19.37,0.0,12.0,4.22
2024-01-16,32.1,22.1,27.1,69.0,20.64,0.0,14.2,4.56
2024-01-17,32.2,23.3,27.4,69.0,20.81,0.0,11.8,4.61
2024-01-18,32.7,23.1,27.7,70.0,19.96,0.0,17.4,4.56
2024-01-19,32.4,22.7,27.3,70.0,20.28,0.0,13.8,4.57
2024-01-20,31.7,22.4,26.7,75.0,19.03,0.0,17.0,4.22
2024-01-21,32.1,23.1,27.1,72.0,19.71,0.0,15.3,4.54
2024-01-22,33.3,23.2,27.6,66.0,20.24,0.0,15.0,4.81
2024-01-23,33.0,23.1,27.8,65.0,21.6,0.0,12.6,4.88
2024-01-24,32.3,22.7,27.5,68.0,21.13,0.0,15.1,4.65
2024-01-25,32.8,22.6,27.5,64.0,21.74,0.0,12.8,4.81
2024-01-26,32.2,22.9,27.1,66.0,21.77,0.0,14.8,4.86
2024-01-27,32.4,22.2,26.8,68.0,22.08,0.0,14.3,4.85
2024-01-28,32.7,21.7,26.9,63.0,22.18,0.0,12.0,5.04
2024-01-29,32.1,21.4,26.9,63.0,21.68,0.0,15.2,5.11
2024-01-30,33.6,22.4,27.2,63.0,20.65,0.0,20.9,5.17
2024-01-31,33.1,22.5,27.4,67.0,19.96,0.0,16.1,4.88
2024-02-01,32.3,22.8,27.3,70.0,19.74,0.2,16.3,4.64
2024-02-02,32.8,22.7,27.0,73.0,18.62,0.0,15.8,4.39
2024-02-03,33.5,23.3,27.3,71.0,20.53,0.0,19.7,4.91
2024-02-04,33.1,23.1,27.2,75.0,20.34,0.0,17.4,4.73
2024-02-05,32.5,24.1,27.5,76.0,16.98,0.0,16.6,4.08
2024-02-06,33.7,23.9,27.7,74.0,20.09,0.0,22.2,4.86
2024-02-07,32.3,24.2,27.7,75.0,18.7,1.1,15.2,4.41
2024-02-08,32.1,24.1,27.3,74.0,18.33,0.4,16.8,4.42
2024-02-09,34.1,23.6,28.1,71.0,22.32,0.0,16.4,5.35
2024-02-10,33.1,22.9,27.9,70.0,23.11,0.0,13.7,5.07
2024-02-11,32.6,22.0,27.7,62.0,23.08,0.0,12.1,5.2
2024-02-12,32.6,21.3,27.1,60.0,23.45,0.0,11.8,5.35
2024-02-13,35.0,22.8,28.0,61.0,19.65,0.0,20.9,5.08
2024-02-14,34.4,24.2,28.8,61.0,18.62,0.0,20.6,5.01
2024-02-15,35.0,24.6,29.0,61.0,21.3,0.1,19.3,5.56
2024-02-16,35.2,23.8,28.7,60.0,22.71,0.0,19.6,5.86
2024-02-17,34.5,22.0,27.7,60.0,23.93,0.0,20.1,6.03
2024-02-18,34.8,22.7,28.0,65.0,22.33,0.0,21.4,5.57
2024-02-19,34.5,24.5,28.3,70.0,21.4,0.0,21.4,5.43
2024-02-20,33.8,24.2,28.0,72.0,20.61,0.0,20.2,5.14
2024-02-21,34.1,24.0,28.0,75.0,20.69,0.0,19.5,5.12
2024-02-22,34.4,23.2,27.7,74.0,23.7,0.0,21.1,5.53
2024-02-23,34.2,24.1,28.1,74.0,21.74,0.1,20.7,5.33
2024-02-24,34.4,23.9,28.5,70.0,22.42,0.0,17.6,5.53
2024-02-25,34.2,23.5,28.4,65.0,21.8,0.0,16.6,5.39
2024-02-26,36.1,23.1,28.7,61.0,23.8,0.0,22.7,5.97
2024-02-27,34.3,24.1,28.5,68.0,19.74,1.4,16.4,4.92
2024-02-28,34.9,23.4,28.4,62.0,23.53,0.0,21.6,5.97
2024-02-29,35.5,24.4,28.9,57.0,21.7,0.0,19.8,6.13
2024-03-01,34.2,24.2,28.6,61.0,22.73,0.6,16.5,5.71
2024-03-02,34.9,24.2,29.0,64.0,23.07,0.0,17.7,5.43
2024-03-03,35.2,24.0,28.5,65.0,22.78,0.0,17.1,5.51
2024-03-04,34.7,24.8,28.6,67.0,22.53,0.0,20.0,5.73
2024-03-05,34.4,24.7,28.6,74.0,19.12,0.1,14.9,4.43
2024-03-06,33.9,25.1,28.7,76.0,16.88,0.1,15.5,3.97
2024-03-07,34.3,25.7,28.6,76.0,17.5,0.6,20.4,4.52
2024-03-08,36.3,24.9,29.3,62.0,24.88,0.0,20.9,6.79
2024-03-09,34.0,23.8,28.6,63.0,24.28,0.0,21.4,6.08
2024-03-10,36.2,24.8,29.1,59.0,23.39,0.0,27.4,6.47
2024-03-11,36.2,23.4,29.3,59.0,24.45,0.0,21.3,6.33
2024-03-12,36.5,24.8,29.3,63.0,23.99,0.0,22.1,6.17
2024-03-13,34.2,24.4,28.9,65.0,22.86,0.1,17.9,5.71
2024-03-14,35.2,25.1,29.0,67.0,23.22,0.3,20.4,6.02
2024-03-15,35.2,24.3,28.6,66.0,25.06,0.0,20.4,6.44
2024-03-16,36.1,23.3,28.8,67.0,24.57,0.0,22.1,6.07
2024-03-17,36.3,24.2,29.1,64.0,23.59,0.2,20.5,6.04
2024-03-18,36.4,24.3,28.7,67.0,23.6,0.0,28.6,6.02
2024-03-19,36.1,24.7,28.9,64.0,23.54,0.0,27.6,6.57
2024-03-20,36.0,22.7,28.6,63.0,23.89,0.0,22.3,6.07
2024-03-21,34.9,24.0,28.7,64.0,23.78,0.7,19.4,5.9
2024-03-22,36.3,25.1,29.0,63.0,22.51,0.0,26.0,6.21
2024-03-23,34.1,25.2,28.8,69.0,22.85,0.0,19.5,5.98
2024-03-24,35.3,25.0,29.1,70.0,24.25,0.0,20.1,6.14
2024-03-25,35.7,24.9,29.2,71.0,21.63,0.0,21.0,5.7
2024-03-26,37.2,25.4,30.0,64.0,24.72,0.0,25.4,6.78
2024-03-27,36.0,26.3,30.3,61.0,22.9,0.4,17.3,6.27
2024-03-28,35.7,26.0,30.0,69.0,23.0,0.0,14.2,5.92
2024-03-29,35.1,25.7,29.5,72.0,21.33,0.6,18.9,5.45
2024-03-30,35.9,26.0,30.2,70.0,24.06,0.0,17.8,6.24
2024-03-31,35.9,25.7,30.0,71.0,22.61,0.0,15.6,5.62
2024-04-01,35.3,26.3,30.1,73.0,23.21,0.4,16.3,5.59
2024-04-02,35.3,26.9,30.1,70.0,22.12,0.0,16.9,5.77
2024-04-03,35.7,26.0,30.0,69.0,23.76,0.0,18.0,6.1
2024-04-04,35.4,26.6,30.2,70.0,21.15,0.1,18.9,5.48
2024-04-05,35.0,27.2,30.0,70.0,19.82,0.3,20.9,5.4
2024-04-06,35.6,26.3,29.8,64.0,23.53,0.0,19.1,6.41
2024-04-07,36.8,25.7,30.1,69.0,23.16,0.0,23.4,5.99
2024-04-08,36.2,26.1,30.4,69.0,22.47,0.1,21.1,5.89
2024-04-09,38.3,26.2,30.8,63.0,25.84,0.0,24.7,7.08
2024-04-10,37.3,26.2,30.8,59.0,24.55,0.0,22.1,7.03
2024-04-11,38.4,26.4,31.1,56.0,24.1,0.0,19.2,7.0
2024-04-12,38.3,26.3,31.0,59.0,25.14,0.0,23.1,6.74
2024-04-13,35.6,27.2,30.5,66.0,22.89,0.2,18.0,6.21
2024-04-14,36.7,26.0,30.2,67.0,24.04,0.0,25.1,6.4
2024-04-15,36.5,26.2,30.4,68.0,23.94,0.0,20.0,6.35
2024-04-16,37.3,26.7,30.7,67.0,25.18,0.0,23.2,6.73
2024-04-17,35.5,26.7,30.5,66.0,23.08,0.0,18.3,6.27
2024-04-18,36.2,25.6,30.2,68.0,23.84,0.0,19.8,6.04
2024-04-19,35.6,26.5,30.1,70.0,23.04,0.9,17.9,5.92
2024-04-20,35.6,26.0,30.2,68.0,22.84,0.7,16.8,6.06
2024-04-21,35.9,25.9,30.3,66.0,23.29,0.4,16.7,6.16
2024-04-22,35.7,26.5,30.5,67.0,22.68,0.1,17.1,6.07
2024-04-23,36.1,26.1,30.5,65.0,24.34,0.0,16.6,6.43
2024-04-24,36.8,26.9,31.1,68.0,24.16,0.0,17.9,6.39
2024-04-25,37.6,27.1,31.5,69.0,24.7,0.0,19.2,6.53
2024-04-26,36.6,27.8,31.4,69.0,23.95,0.4,21.0,6.32
2024-04-27,37.3,27.2,31.5,69.0,24.84,0.0,17.0,6.45
2024-04-28,37.1,27.7,31.6,67.0,23.78,1.2,17.7,6.36
2024-04-29,37.7,27.4,31.5,70.0,24.69,0.4,20.1,6.27
2024-04-30,37.4,27.3,31.5,70.0,23.88,0.2,20.1,6.27
2024-05-01,37.1,28.1,31.8,67.0,24.13,0.2,18.4,6.41
2024-05-02,37.2,28.7,32.0,65.0,24.12,0.4,18.7,6.69
2024-05-03,37.0,28.2,32.0,65.0,24.04,0.0,17.6,6.71
2024-05-04,36.8,27.2,30.4,72.0,20.52,2.9,11.3,4.98
2024-05-05,35.5,26.6,29.4,78.0,20.04,4.9,14.1,4.63
2024-05-06,34.0,26.6,30.1,72.0,22.72,0.6,15.1,5.62
2024-05-07,35.1,26.8,30.0,72.0,23.34,3.2,15.0,5.54
2024-05-08,36.1,26.7,30.6,70.0,24.18,0.5,13.8,5.86
2024-05-09,36.3,27.5,30.7,70.0,21.73,10.9,18.0,5.7
2024-05-10,36.4,27.7,31.1,66.0,23.5,1.0,23.8,6.26
2024-05-11,37.0,27.6,31.2,69.0,21.57,4.6,14.0,5.51
2024-05-12,36.2,28.1,31.0,71.0,19.94,2.5,18.2,5.07
2024-05-13,35.8,26.8,30.7,73.0,22.96,5.4,19.8,5.7
2024-05-14,36.0,26.0,30.5,72.0,23.12,1.8,16.6,5.63
2024-05-15,35.6,27.1,30.3,73.0,18.22,11.8,26.3,4.73
2024-05-16,33.9,26.4,29.3,78.0,16.17,7.6,12.0,3.85
2024-05-17,33.6,26.7,29.5,78.0,20.17,4.4,16.3,4.65
2024-05-18,34.7,26.0,29.5,78.0,23.44,3.6,17.6,5.39
2024-05-19,34.4,26.2,29.4,80.0,21.3,3.3,16.2,4.74
2024-05-20,32.4,26.2,28.3,85.0,17.21,27.2,11.8,3.73
2024-05-21,32.4,25.3,27.9,85.0,18.62,32.3,10.8,4.0
2024-05-22,33.7,26.1,29.0,82.0,23.4,5.8,13.6,5.01
2024-05-23,32.5,26.7,29.0,83.0,22.04,3.8,14.6,4.69
2024-05-24,34.6,26.7,30.1,76.0,24.22,0.4,15.6,5.55
2024-05-25,34.0,27.4,30.5,75.0,24.04,0.9,13.4,5.6
2024-05-26,34.1,26.0,29.4,81.0,23.36,2.1,14.8,5.09
2024-05-27,34.2,27.3,30.2,80.0,22.49,6.9,9.2,4.99
2024-05-28,33.2,24.6,28.7,82.0,16.75,17.5,10.0,3.78
2024-05-29,33.9,26.4,28.9,83.0,20.11,14.8,16.3,4.4
2024-05-30,31.9,26.4,28.2,87.0,14.25,9.7,14.3,3.12
2024-05-31,32.2,25.8,27.8,86.0,15.47,13.0,16.9,3.29
2024-06-01,33.3,25.6,28.6,82.0,22.87,1.6,11.6,4.89
2024-06-02,33.9,25.5,29.4,78.0,23.18,0.2,11.7,5.16
2024-06-03,34.3,26.5,29.8,76.0,22.35,0.7,17.1,5.07
2024-06-04,34.5,26.5,30.4,76.0,22.46,0.0,10.9,5.04
2024-06-05,34.4,27.2,29.6,80.0,20.44,7.3,14.5,4.59
2024-06-06,33.8,27.0,29.7,79.0,22.1,0.9,9.2,4.86
2024-06-07,33.1,26.7,28.9,80.0,18.47,7.6,9.7,4.09
2024-06-08,34.0,25.9,28.9,80.0,20.52,1.5,8.8,4.47
2024-06-09,32.3,26.2,27.7,84.0,13.01,6.9,19.0,3.01
2024-06-10,31.0,25.8,27.2,84.0,12.2,9.3,18.1,2.8
2024-06-11,33.4,25.0,28.8,77.0,23.35,0.7,18.7,5.19
2024-06-12,33.3,25.6,28.9,76.0,22.82,4.4,13.2,5.11
2024-06-13,34.3,26.1,29.5,77.0,23.92,0.9,16.1,5.48
2024-06-14,33.7,25.9,28.8,82.0,19.72,8.0,13.0,4.34
2024-06-15,33.6,26.0,28.6,83.0,22.77,8.0,16.4,4.85
2024-06-16,33.6,26.0,28.7,78.0,21.15,0.2,16.2,4.77
2024-06-17,33.5,25.7,28.1,82.0,18.93,12.7,16.5,4.22
2024-06-18,34.0,25.8,28.7,80.0,23.18,6.1,16.8,5.15
2024-06-19,33.4,25.7,28.8,80.0,21.19,5.7,16.7,4.76
2024-06-20,31.4,25.8,27.4,88.0,11.36,37.6,17.3,2.54
2024-06-21,31.5,25.3,27.1,87.0,15.54,18.3,12.0,3.39
2024-06-22,29.4,25.2,26.3,89.0,11.66,23.3,21.5,2.57
2024-06-23,30.0,24.7,26.4,88.0,14.22,10.3,21.4,3.02
2024-06-24,30.8,24.8,26.7,87.0,13.4,19.1,16.8,2.86
2024-06-25,31.6,24.6,27.7,82.0,21.42,6.8,13.4,4.56
2024-06-26,32.2,24.5,28.2,79.0,21.36,4.1,10.8,4.68
2024-06-27,31.9,25.1,27.2,86.0,19.96,18.6,11.2,4.17
2024-06-28,31.6,24.7,27.4,86.0,20.55,14.4,17.6,4.17
2024-06-29,31.5,25.7,28.3,83.0,23.28,2.1,20.5,4.9
2024-06-30,32.6,25.4,28.0,83.0,22.33,6.0,17.9,4.74
2024-07-01,31.9,24.7,28.0,82.0,21.85,1.1,15.3,4.62
2024-07-02,32.5,25.2,27.3,86.0,19.28,12.1,20.8,3.99
2024-07-03,31.2,25.0,27.0,88.0,15.02,18.1,13.0,3.2
2024-07-04,30.1,24.7,26.4,88.0,13.94,18.6,13.7,2.86
2024-07-05,32.2,24.7,27.3,84.0,21.32,2.6,17.3,4.56
2024-07-06,32.3,24.7,28.1,82.0,22.79,3.9,15.8,4.86
2024-07-07,31.4,25.6,27.7,85.0,20.54,6.5,14.5,4.24
2024-07-08,31.6,25.2,27.7,85.0,20.79,1.4,14.9,4.35
2024-07-09,31.5,24.8,27.6,84.0,19.61,14.8,14.2,4.19
2024-07-10,31.6,24.6,27.3,84.0,21.39,5.9,20.9,4.39
2024-07-11,30.6,24.7,26.6,88.0,16.4,13.7,20.6,3.35
2024-07-12,29.9,24.8,26.6,87.0,14.63,16.9,24.1,3.16
2024-07-13,30.5,25.0,26.6,87.0,15.31,22.8,21.7,3.29
2024-07-14,30.8,25.2,26.6,86.0,17.33,19.0,24.5,3.7
2024-07-15,30.6,24.6,26.6,87.0,15.99,11.2,18.2,3.4
2024-07-16,30.2,24.6,26.4,89.0,16.07,11.1,23.1,3.27
2024-07-17,29.9,24.5,25.9,90.0,12.03,18.2,20.9,2.57
2024-07-18,30.7,24.5,26.5,89.0,14.54,17.0,21.4,3.09
2024-07-19,28.8,24.3,26.0,90.0,9.26,29.3,15.5,2.06
2024-07-20,28.5,24.4,25.9,92.0,7.33,19.4,13.9,1.66
2024-07-21,31.1,24.7,26.6,89.0,16.69,18.5,19.3,3.45
2024-07-22,31.1,25.0,26.8,88.0,15.46,11.8,19.9,3.22
2024-07-23,31.0,25.1,27.5,85.0,16.55,3.5,24.1,3.56
2024-07-24,31.5,25.3,28.0,82.0,18.37,9.3,22.7,4.11
2024-07-25,31.3,25.3,27.1,86.0,15.63,13.8,23.5,3.4
2024-07-26,29.5,24.7,26.9,88.0,12.61,9.0,17.6,2.76
2024-07-27,29.7,24.5,26.4,90.0,12.87,22.9,21.3,2.69
2024-07-28,29.6,24.9,26.7,87.0,13.62,5.4,15.8,2.89
2024-07-29,31.2,24.4,27.1,87.0,19.29,3.6,16.6,3.92
2024-07-30,31.9,24.0,27.2,88.0,20.49,12.5,17.2,4.14
2024-07-31,32.3,24.6,27.8,84.0,22.97,5.0,19.0,4.77
2024-08-01,32.1,25.1,27.7,86.0,22.47,13.8,19.2,4.66
2024-08-02,32.0,24.6,27.5,85.0,22.14,28.0,11.5,4.62
2024-08-03,31.4,24.7,27.2,86.0,19.69,7.9,10.5,4.04
2024-08-04,31.1,24.3,26.5,88.0,17.38,7.9,16.9,3.5
2024-08-05,31.3,23.8,26.4,89.0,19.17,35.0,13.0,3.89
2024-08-06,31.1,24.3,26.8,88.0,16.4,17.7,18.7,3.33
2024-08-07,30.9,24.2,26.8,88.0,20.48,15.5,13.7,4.14
2024-08-08,32.4,24.1,28.1,83.0,22.37,1.3,14.1,4.75
2024-08-09,32.2,25.4,28.3,82.0,21.54,6.9,12.4,4.62
2024-08-10,32.9,24.8,28.5,82.0,24.36,1.1,13.8,5.17
2024-08-11,32.8,25.5,28.5,83.0,23.37,8.2,17.6,5.0
2024-08-12,31.9,25.4,27.5,86.0,19.9,13.1,18.5,4.09
2024-08-13,32.6,24.4,28.2,82.0,23.95,0.5,16.1,5.06
2024-08-14,32.7,25.6,28.4,84.0,23.07,5.5,12.6,4.89
2024-08-15,32.6,25.2,28.2,85.0,21.81,8.4,10.9,4.57
2024-08-16,32.7,25.6,28.1,85.0,23.23,8.8,14.2,4.83
2024-08-17,32.0,25.2,27.8,85.0,20.53,5.5,14.1,4.26
2024-08-18,33.2,24.9,28.9,80.0,23.9,0.0,12.7,5.23
2024-08-19,33.5,25.5,29.2,78.0,24.72,0.2,13.6,5.43
2024-08-20,32.6,25.4,28.6,82.0,22.92,0.7,11.8,4.91
2024-08-21,32.9,25.0,28.2,82.0,23.59,1.3,13.0,5.05
2024-08-22,32.7,24.7,28.4,80.0,22.92,3.2,13.6,5.04
2024-08-23,31.9,25.2,28.0,82.0,18.94,2.9,17.3,4.04
2024-08-24,32.6,24.5,27.5,83.0,21.32,4.9,13.3,4.49
2024-08-25,32.1,24.0,26.9,85.0,20.16,11.6,12.0,4.2
2024-08-26,32.0,24.8,27.0,86.0,18.99,34.5,13.2,3.96
2024-08-27,30.6,24.6,26.8,88.0,15.48,13.6,17.2,3.2
2024-08-28,30.6,25.0,27.0,87.0,15.83,18.1,21.0,3.32
2024-08-29,30.2,24.0,26.9,84.0,18.3,9.5,23.5,3.9
2024-08-30,31.2,24.6,26.9,85.0,16.63,16.2,16.3,3.54
2024-08-31,30.4,24.9,26.8,86.0,16.55,11.3,17.6,3.55
2024-09-01,29.7,24.8,26.2,90.0,14.49,22.8,9.2,2.98
2024-09-02,28.6,24.4,26.2,89.0,14.04,11.6,15.5,2.84
2024-09-03,30.1,24.7,26.4,89.0,15.36,18.4,19.9,3.12
2024-09-04,30.1,24.8,26.9,87.0,14.85,7.7,25.2,3.19
2024-09-05,31.2,25.2,27.1,87.0,16.15,16.3,21.4,3.43
2024-09-06,30.6,25.5,27.0,87.0,14.32,8.8,24.3,3.15
2024-09-07,31.7,25.3,27.4,85.0,16.33,13.9,23.0,3.55
2024-09-08,31.3,25.3,27.6,85.0,17.0,18.6,25.1,3.66
2024-09-09,32.3,24.9,27.9,83.0,21.87,7.7,16.2,4.63
2024-09-10,32.3,25.0,27.4,86.0,19.23,14.5,15.0,4.04
2024-09-11,31.3,25.0,27.2,88.0,16.95,7.4,11.7,3.55
2024-09-12,31.3,24.5,27.0,87.0,18.64,14.1,14.9,3.89
2024-09-13,31.6,25.1,27.0,89.0,16.02,28.6,14.3,3.33
2024-09-14,28.6,25.1,26.1,91.0,7.91,35.7,17.3,1.84
2024-09-15,30.7,25.1,26.6,89.0,15.02,9.7,17.8,3.12
2024-09-16,30.7,24.8,26.8,87.0,16.89,23.2,16.2,3.56
2024-09-17,29.2,24.7,26.1,90.0,12.75,19.7,17.3,2.65
2024-09-18,28.8,24.1,25.6,93.0,9.1,32.3,18.4,1.9
2024-09-19,29.3,24.3,26.2,90.0,11.21,10.8,19.1,2.45
2024-09-20,30.1,25.1,26.8,87.0,14.66,6.4,27.7,3.19
2024-09-21,28.4,25.0,25.9,90.0,8.58,27.9,21.1,1.95
2024-09-22,29.0,24.7,26.1,91.0,11.03,15.8,15.5,2.3
2024-09-23,30.9,24.5,26.8,89.0,17.92,18.8,11.5,3.7
2024-09-24,31.6,24.4,27.3,87.0,19.43,7.6,10.3,4.03
2024-09-25,31.4,24.0,26.9,88.0,20.17,12.1,12.4,4.12
2024-09-26,31.5,23.6,26.6,87.0,20.46,3.2,20.2,4.13
2024-09-27,30.6,24.1,26.7,88.0,19.59,12.1,15.0,3.94
2024-09-28,32.0,24.5,28.1,81.0,22.53,0.8,12.1,4.83
2024-09-29,32.4,25.7,28.2,84.0,20.41,8.2,8.6,4.35
2024-09-30,32.4,25.2,27.7,87.0,21.77,13.1,9.1,4.51
2024-10-01,32.0,24.8,27.8,85.0,21.6,9.1,13.5,4.48
2024-10-02,32.1,24.7,27.4,87.0,21.07,7.8,17.0,4.35
2024-10-03,30.9,24.4,26.5,90.0,15.34,19.2,14.5,3.16
2024-10-04,30.6,24.5,26.9,87.0,16.23,8.4,11.1,3.37
2024-10-05,31.9,24.1,27.2,85.0,21.92,3.3,10.1,4.54
2024-10-06,30.6,24.1,26.6,87.0,17.65,13.5,12.1,3.62
2024-10-07,31.2,23.9,26.6,87.0,19.8,26.2,9.5,4.05
2024-10-08,30.8,24.7,26.5,88.0,17.75,12.7,8.4,3.58
2024-10-09,30.6,24.5,26.5,89.0,17.92,19.7,16.1,3.67
2024-10-10,31.7,25.1,27.2,86.0,20.42,8.8,9.5,4.23
2024-10-11,31.2,24.2,27.1,88.0,18.82,14.1,11.3,3.83
2024-10-12,30.9,25.1,26.8,90.0,17.71,10.0,11.2,3.59
2024-10-13,32.4,24.4,27.3,86.0,22.28,10.8,13.0,4.61
2024-10-14,32.1,24.1,27.3,86.0,22.26,5.1,10.2,4.58
2024-10-15,30.7,24.7,26.4,89.0,15.76,39.4,12.0,3.28
2024-10-16,30.4,24.6,26.4,88.0,15.24,8.1,14.3,3.19
2024-10-17,30.6,24.6,26.5,88.0,18.17,11.7,15.6,3.76
2024-10-18,28.6,24.1,26.0,89.0,13.41,6.5,13.2,2.68
2024-10-19,30.1,24.2,26.4,88.0,16.52,10.4,12.2,3.33
2024-10-20,31.0,23.9,26.4,88.0,18.99,8.3,14.7,3.87
2024-10-21,30.8,23.8,26.4,87.0,20.91,17.0,15.5,4.18
2024-10-22,29.8,23.4,26.0,88.0,13.85,13.6,13.5,2.91
2024-10-23,29.3,24.5,26.2,90.0,10.43,8.9,10.6,2.21
2024-10-24,31.6,24.2,27.5,82.0,21.65,0.3,13.7,4.54
2024-10-25,31.7,23.0,27.1,80.0,21.3,1.0,15.7,4.53
2024-10-26,32.0,24.2,27.8,78.0,20.67,0.0,20.6,4.7
2024-10-27,26.7,23.7,25.4,90.0,8.05,10.6,13.0,1.79
2024-10-28,26.8,23.4,24.7,93.0,6.24,36.8,12.4,1.4
2024-10-29,29.1,23.4,25.4,90.0,11.96,12.6,15.5,2.48
2024-10-30,31.1,23.0,26.2,88.0,19.68,6.5,12.8,3.95
2024-10-31,31.3,23.2,26.7,85.0,21.46,6.1,13.3,4.39
2024-11-01,31.6,24.2,27.0,86.0,20.63,11.6,10.6,4.24
2024-11-02,30.8,24.0,26.3,86.0,16.11,15.6,12.9,3.38
2024-11-03,31.6,23.2,26.6,85.0,21.47,1.6,12.1,4.36
2024-11-04,30.6,23.3,26.3,89.0,16.73,12.0,12.9,3.41
2024-11-05,30.9,23.0,26.2,87.0,18.82,2.6,14.6,3.84
2024-11-06,30.7,24.2,26.5,87.0,19.31,14.6,12.1,3.9
2024-11-07,30.9,23.3,26.8,85.0,18.68,11.6,5.4,3.83
2024-11-08,31.3,23.7,26.7,83.0,19.33,7.5,10.4,4.03
2024-11-09,31.4,24.2,26.7,84.0,20.24,4.5,8.5,4.14
2024-11-10,31.9,23.6,27.3,83.0,20.03,0.3,13.7,4.2
2024-11-11,31.7,23.5,27.5,81.0,20.57,0.0,14.2,4.38
2024-11-12,30.8,24.2,27.2,85.0,19.43,0.6,10.8,4.05
2024-11-13,31.2,24.9,27.1,86.0,18.08,3.1,9.8,3.76
2024-11-14,32.2,24.9,28.1,79.0,21.48,0.0,10.4,4.69
2024-11-15,31.6,24.9,27.9,83.0,18.58,1.0,9.1,3.9
2024-11-16,33.1,24.3,28.2,76.0,21.42,0.0,9.8,4.68
2024-11-17,32.3,24.2,28.0,78.0,20.2,0.5,10.1,4.33
2024-11-18,32.4,22.4,27.8,78.0,20.84,0.0,5.3,4.35
2024-11-19,32.8,24.6,28.0,79.0,20.09,4.0,6.6,4.24
2024-11-20,33.4,23.8,27.3,82.0,19.6,1.1,15.9,4.23
2024-11-21,33.0,24.3,27.6,82.0,19.79,2.4,11.4,4.19
2024-11-22,32.8,24.5,27.9,80.0,19.98,1.1,12.1,4.27
2024-11-23,33.3,23.9,28.0,80.0,18.95,0.9,8.9,4.01
2024-11-24,32.8,25.1,27.7,83.0,17.4,7.6,14.3,3.69
2024-11-25,33.5,24.3,28.6,76.0,19.45,0.0,10.9,4.39
2024-11-26,34.1,24.7,29.2,71.0,19.37,0.0,8.0,4.36
2024-11-27,34.3,24.1,28.8,68.0,17.93,0.9,9.0,4.24
2024-11-28,33.3,24.5,28.5,63.0,18.28,2.4,16.6,5.19
2024-11-29,30.8,23.8,27.0,63.0,12.42,0.0,17.3,3.6
2024-11-30,32.9,23.0,27.6,61.0,18.27,0.2,8.9,4.45
2024-12-01,33.1,24.8,28.1,72.0,19.22,0.1,9.8,4.36
2024-12-02,33.9,25.6,28.6,74.0,14.79,0.5,9.6,3.34
2024-12-03,29.0,25.4,26.8,86.0,7.97,2.6,5.0,1.74
2024-12-04,31.8,23.2,26.7,85.0,15.76,3.0,10.6,3.38
2024-12-05,29.7,23.8,26.4,85.0,10.54,1.5,10.4,2.26
2024-12-06,31.5,24.0,27.2,85.0,17.2,2.5,8.5,3.58
2024-12-07,29.7,23.8,26.3,90.0,10.86,3.1,7.9,2.25
2024-12-08,32.0,24.1,27.8,76.0,19.4,0.0,9.7,4.23
2024-12-09,32.1,24.8,27.8,70.0,15.89,0.0,11.7,3.96
2024-12-10,31.4,24.0,26.7,75.0,13.45,1.5,15.0,3.4
2024-12-11,30.7,23.2,25.9,86.0,12.51,26.3,12.5,2.76
2024-12-12,30.1,23.9,26.2,90.0,13.75,9.0,13.9,2.83
2024-12-13,29.9,24.3,26.4,89.0,12.33,10.7,18.2,2.63
2024-12-14,26.9,24.0,25.2,93.0,4.73,5.5,8.9,1.09
2024-12-15,28.4,24.1,25.8,89.0,10.81,12.7,9.4,2.24
2024-12-16,27.8,23.2,25.1,80.0,7.83,0.0,9.2,2.01
2024-12-17,29.3,22.0,25.4,79.0,14.53,0.0,9.2,3.02
2024-12-18,30.9,22.0,26.1,78.0,19.76,0.3,9.6,4.09
2024-12-19,30.5,22.5,26.2,78.0,19.97,0.1,12.4,4.22
2024-12-20,30.0,21.1,25.3,77.0,17.37,0.0,6.4,3.54
2024-12-21,29.0,19.9,24.7,76.0,16.8,0.0,6.9,3.46
2024-12-22,27.9,20.0,24.1,72.0,15.02,0.0,8.1,3.27
2024-12-23,30.9,19.8,24.9,74.0,17.51,0.0,12.8,3.85
2024-12-24,30.1,23.3,26.6,66.0,10.81,0.0,19.2,3.63
2024-12-25,32.2,23.5,27.4,62.0,13.91,0.0,18.8,4.48
2024-12-26,32.1,23.6,27.4,75.0,15.43,2.3,15.7,3.59
2024-12-27,32.0,24.4,26.2,87.0,12.53,9.9,12.0,2.62
2024-12-28,30.6,23.5,25.8,90.0,16.49,13.8,13.9,3.31
2024-12-29,30.5,22.0,25.8,77.0,20.12,0.0,13.0,4.28
2024-12-30,30.2,21.2,25.6,76.0,18.1,0.0,7.6,3.74
2024-12-31,30.3,22.4,26.0,77.0,13.98,0.0,14.7,3.37
2025-01-01,28.4,22.6,25.2,78.0,10.0,0.0,8.5,2.35
2025-01-02,30.7,22.3,25.8,83.0,15.13,0.9,10.0,3.19
2025-01-03,30.7,23.4,26.4,80.0,13.76,0.5,8.4,3.08
2025-01-04,30.9,22.4,26.4,76.0,19.67,0.1,11.6,4.1
2025-01-05,32.0,22.4,26.4,76.0,19.79,0.0,9.6,4.24
2025-01-06,30.7,21.9,26.1,79.0,16.84,0.2,9.3,3.44
2025-01-07,31.2,22.5,26.4,78.0,19.14,0.0,10.5,4.09
2025-01-08,32.3,22.5,26.6,75.0,18.91,0.1,12.3,4.04
2025-01-09,31.3,22.1,26.4,71.0,18.69,0.0,9.4,3.98
2025-01-10,33.0,23.3,27.5,61.0,19.07,0.0,11.3,4.77
2025-01-11,32.6,21.9,26.5,55.0,20.31,0.0,17.7,5.32
2025-01-12,31.2,20.9,25.7,57.0,21.1,0.0,11.3,5.06
2025-01-13,30.2,19.5,24.9,59.0,20.18,0.0,8.3,4.29
2025-01-14,33.1,22.3,25.9,76.0,17.99,14.8,14.2,3.94
2025-01-15,31.0,23.2,26.3,84.0,15.83,2.0,14.4,3.25
2025-01-16,31.6,23.2,26.8,72.0,19.43,0.4,15.9,4.56
2025-01-17,30.6,21.0,25.4,68.0,21.01,0.0,11.8,4.57
2025-01-18,30.5,20.8,25.7,71.0,18.73,0.0,8.7,3.88
2025-01-19,31.8,22.2,26.6,75.0,17.2,0.0,11.1,3.67
2025-01-20,31.9,22.0,26.3,72.0,17.27,0.0,13.0,3.89
2025-01-21,32.5,21.3,26.4,67.0,21.69,0.0,10.3,4.82
2025-01-22,32.6,21.2,26.2,67.0,21.28,0.0,13.2,4.76
2025-01-23,33.4,23.0,27.3,69.0,17.54,0.0,15.3,4.26
2025-01-24,34.2,22.9,27.4,71.0,19.84,0.2,13.6,4.71
2025-01-25,33.1,23.3,27.2,69.0,18.76,0.1,13.7,4.52
2025-01-26,33.5,23.3,27.5,69.0,20.64,0.0,14.3,4.67
2025-01-27,31.9,21.8,26.5,64.0,20.68,0.0,14.0,4.53
2025-01-28,32.4,21.3,26.2,64.0,20.7,0.0,12.2,4.53
2025-01-29,31.4,19.5,25.2,60.0,22.12,0.0,13.2,4.83
2025-01-30,30.7,20.4,25.5,63.0,19.27,0.0,8.5,4.11
2025-01-31,32.2,20.9,26.5,65.0,21.5,0.0,10.6,4.75
2025-02-01,33.4,22.5,27.1,68.0,21.78,0.0,14.7,4.82
2025-02-02,33.9,21.8,27.0,67.0,22.44,0.0,14.3,4.95
2025-02-03,34.4,23.1,27.7,67.0,21.5,0.0,14.9,4.99
2025-02-04,34.2,23.6,28.1,57.0,22.18,0.0,11.3,5.26
2025-02-05,32.9,22.0,26.7,60.0,22.92,0.0,17.6,5.17
2025-02-06,33.3,21.9,26.7,66.0,22.78,0.0,14.1,5.09
2025-02-07,34.0,21.8,27.2,62.0,22.53,0.0,12.7,5.13
2025-02-08,34.4,22.4,27.7,58.0,22.75,0.0,13.0,5.15
2025-02-09,32.6,21.4,26.7,57.0,21.2,0.0,12.1,5.02
2025-02-10,32.2,22.6,27.1,58.0,17.58,0.0,12.0,4.29
2025-02-11,33.9,24.4,27.8,69.0,19.55,2.7,15.2,4.39
2025-02-12,33.0,23.8,27.7,76.0,20.6,7.9,12.0,4.46
2025-02-13,30.7,23.7,26.3,86.0,12.77,2.7,7.9,2.73
2025-02-14,31.7,23.5,27.0,82.0,19.59,3.5,12.6,4.14
2025-02-15,31.7,23.6,26.8,81.0,20.6,1.6,14.0,4.43
2025-02-16,32.2,23.8,27.5,75.0,20.77,0.9,12.7,4.72
2025-02-17,32.8,23.7,27.6,71.0,21.95,0.1,12.6,4.91
2025-02-18,33.7,23.8,27.8,71.0,21.28,1.2,14.4,4.66
2025-02-19,32.7,23.8,27.1,80.0,19.0,4.5,14.6,4.05
2025-02-20,33.6,23.8,28.0,74.0,21.81,0.0,13.4,4.91
2025-02-21,33.6,24.9,27.6,75.0,19.5,9.1,13.5,4.26
2025-02-22,31.6,23.9,26.7,82.0,17.92,13.5,12.4,3.76
2025-02-23,31.8,24.7,27.3,79.0,16.29,11.1,15.5,3.62
2025-02-24,32.7,24.5,27.9,77.0,18.79,0.6,15.5,4.28
2025-02-25,31.8,23.4,27.7,74.0,20.09,0.6,14.3,4.31
2025-02-26,32.7,24.6,27.8,75.0,21.28,1.1,8.0,4.58
2025-02-27,34.0,24.1,28.0,72.0,20.31,0.1,16.6,4.75
2025-02-28,35.1,23.8,28.4,64.0,23.1,0.0,18.0,5.67
2025-03-01,35.3,23.9,28.1,67.0,22.21,0.0,20.1,5.44
2025-03-02,34.2,24.1,28.1,64.0,20.22,0.0,17.9,5.27
2025-03-03,34.8,24.1,28.5,67.0,24.27,0.0,14.6,5.96
2025-03-04,34.5,24.4,28.5,73.0,22.44,0.5,14.0,5.24
2025-03-05,35.0,24.6,28.5,75.0,22.25,0.0,15.9,5.14
2025-03-06,34.5,25.2,28.7,72.0,22.33,0.8,15.2,5.48
2025-03-07,35.0,24.7,28.9,70.0,22.5,1.1,12.9,5.45
2025-03-08,35.0,24.4,29.0,70.0,23.08,0.4,14.3,5.3
2025-03-09,31.4,24.7,28.1,68.0,11.4,0.3,8.5,3.06
2025-03-10,35.1,24.7,29.0,72.0,21.19,8.6,15.1,4.99
2025-03-11,36.1,24.7,29.9,63.0,22.6,0.3,15.8,5.91
2025-03-12,36.2,25.4,29.8,62.0,22.72,0.8,15.9,6.0
2025-03-13,35.8,25.5,29.5,62.0,23.28,0.0,18.5,6.35
2025-03-14,36.4,25.0,29.5,63.0,24.79,0.0,17.0,6.43
2025-03-15,36.0,24.8,29.2,71.0,22.53,0.1,16.6,5.53
2025-03-16,34.8,25.3,28.9,72.0,22.22,0.4,17.2,5.47
2025-03-17,34.7,23.8,28.5,73.0,21.3,14.7,10.1,4.83
2025-03-18,34.2,24.6,29.0,71.0,23.26,1.4,12.4,5.26
2025-03-19,35.7,25.1,30.0,59.0,24.81,0.0,14.3,6.16
2025-03-20,35.3,23.5,28.9,54.0,24.13,0.0,15.2,5.85
2025-03-21,35.5,23.8,29.0,55.0,23.97,0.0,13.1,5.81
2025-03-22,35.5,24.0,29.3,61.0,24.2,0.0,12.4,5.7
2025-03-23,35.6,24.7,29.0,62.0,23.21,0.0,16.7,5.57
2025-03-24,35.8,23.8,28.2,67.0,24.42,0.0,21.7,5.89
2025-03-25,32.8,24.4,27.5,67.0,18.58,0.0,19.2,4.83
2025-03-26,33.1,23.7,27.8,68.0,20.73,0.0,13.1,5.1
2025-03-27,34.8,24.0,28.2,68.0,25.17,0.0,13.8,6.11
2025-03-28,35.0,23.8,28.5,71.0,24.2,0.1,14.4,5.83
2025-03-29,35.8,24.9,29.0,71.0,20.0,0.1,18.2,5.24
2025-03-30,36.5,25.7,29.6,67.0,22.71,1.0,18.4,5.76
2025-03-31,33.2,25.0,28.5,74.0,15.58,5.1,11.6,3.76
2025-04-01,31.8,24.6,26.8,87.0,14.19,19.9,11.9,3.07
2025-04-02,29.7,24.3,26.6,87.0,15.15,1.1,13.0,3.18
2025-04-03,32.9,24.1,27.8,75.0,23.97,0.0,12.0,5.3
2025-04-04,33.5,23.8,27.8,72.0,23.66,0.0,13.4,5.34
2025-04-05,33.4,24.0,28.0,75.0,23.91,0.0,13.4,5.41
2025-04-06,33.3,24.5,28.1,74.0,24.54,0.0,14.9,5.67
2025-04-07,35.2,24.6,28.7,69.0,25.47,0.0,16.8,6.08
2025-04-08,34.4,24.6,28.8,69.0,20.84,0.1,15.5,5.14
2025-04-09,35.0,25.3,29.0,70.0,22.74,0.6,15.1,5.59
2025-04-10,35.0,25.5,29.2,74.0,20.96,1.0,10.4,4.84
2025-04-11,34.2,25.6,28.9,75.0,21.23,1.8,13.4,5.03
2025-04-12,35.3,25.5,29.7,73.0,23.64,0.0,14.0,5.6
2025-04-13,35.9,26.2,29.7,73.0,20.77,3.0,15.7,5.12
2025-04-14,35.5,25.9,29.6,70.0,23.7,1.3,16.4,5.56
2025-04-15,35.1,26.2,30.1,67.0,20.98,0.3,16.5,5.31
2025-04-16,35.6,26.1,29.7,68.0,22.85,3.1,16.5,5.61
2025-04-17,35.5,26.2,29.9,71.0,22.45,1.5,13.1,5.39
2025-04-18,35.2,25.7,29.7,74.0,22.93,2.3,14.3,5.38
2025-04-19,35.1,26.2,29.8,72.0,23.88,0.6,14.2,5.77
2025-04-20,36.2,25.8,30.1,70.0,25.25,0.0,14.4,6.22
2025-04-21,35.5,26.2,29.9,73.0,22.85,2.0,15.9,5.61
2025-04-22,33.3,26.4,29.0,75.0,21.0,3.4,19.0,4.95
2025-04-23,35.3,25.6,29.2,75.0,23.01,3.3,13.9,5.23
2025-04-24,34.6,26.0,28.8,79.0,22.04,4.2,12.9,4.8
2025-04-25,34.6,26.2,29.4,76.0,22.32,1.3,10.4,5.01
2025-04-26,33.6,24.9,28.1,82.0,18.71,12.1,14.3,4.17
2025-04-27,33.7,24.9,28.7,77.0,24.11,0.0,11.9,5.38
2025-04-28,34.5,26.0,29.5,74.0,24.56,0.0,14.4,5.67
2025-04-29,35.1,25.9,30.0,67.0,23.65,0.0,13.3,5.74
2025-04-30,35.8,25.9,30.4,62.0,24.44,0.0,16.2,6.06
2025-05-01,35.5,27.4,29.9,68.0,19.74,6.3,14.6,5.04
2025-05-02,34.8,27.0,29.5,70.0,20.14,5.0,15.8,5.02
2025-05-03,31.4,26.0,27.8,83.0,19.26,9.6,12.1,4.14
2025-05-04,33.0,25.3,28.6,79.0,21.64,2.7,13.8,4.76
2025-05-05,33.4,25.8,29.1,77.0,23.27,1.1,13.9,5.24
2025-05-06,34.0,26.2,29.5,76.0,23.18,1.0,12.9,5.24
2025-05-07,35.5,26.5,29.7,75.0,23.3,3.6,11.4,5.19
2025-05-08,37.3,26.3,31.0,68.0,24.39,0.7,11.8,5.85
2025-05-09,37.7,27.8,31.2,67.0,21.18,1.8,13.3,5.21
2025-05-10,30.1,25.4,27.8,86.0,9.2,9.2,13.8,2.13
2025-05-11,32.7,25.3,27.9,84.0,19.73,14.1,10.9,4.21
2025-05-12,32.3,25.4,27.6,86.0,20.82,17.4,11.7,4.37
2025-05-13,32.2,24.4,27.4,85.0,21.13,10.4,11.3,4.46
2025-05-14,33.0,25.8,28.7,82.0,22.38,5.5,13.8,4.79
2025-05-15,32.8,25.8,27.8,84.0,20.34,11.8,15.3,4.24
2025-05-16,33.1,25.7,28.6,83.0,21.87,3.7,11.8,4.64
2025-05-17,32.3,25.9,28.8,79.0,23.46,1.4,13.9,5.13
2025-05-18,33.6,26.1,29.2,77.0,22.38,0.7,10.9,5.04
2025-05-19,32.9,25.8,27.9,84.0,18.33,13.9,14.6,3.91
2025-05-20,32.0,25.3,28.3,83.0,20.51,1.5,13.1,4.35
2025-05-21,32.7,24.9,28.0,86.0,20.88,10.6,11.7,4.43
2025-05-22,31.7,24.5,27.1,86.0,18.32,23.7,7.2,3.79
2025-05-23,32.1,25.5,27.7,85.0,19.71,11.3,12.7,4.11
2025-05-24,30.1,25.3,27.0,88.0,17.59,22.3,14.9,3.56
2025-05-25,30.9,25.2,27.1,87.0,16.89,22.6,13.2,3.49
2025-05-26,32.4,24.8,27.8,86.0,22.04,4.8,14.2,4.58
2025-05-27,32.4,24.7,27.8,85.0,20.49,35.3,10.1,4.3
2025-05-28,32.4,24.4,27.4,87.0,20.95,23.3,11.0,4.4
2025-05-29,32.0,25.0,26.9,90.0,16.51,22.8,16.9,3.44
2025-05-30,32.0,24.8,26.9,89.0,18.78,28.8,11.7,3.93
2025-05-31,32.7,25.0,27.6,84.0,21.19,17.4,13.5,4.42
2025-06-01,33.5,25.7,28.6,82.0,21.93,3.9,12.8,4.73
2025-06-02,31.0,26.0,27.8,85.0,16.26,2.1,17.1,3.53
2025-06-03,30.6,23.9,27.1,87.0,12.02,12.8,15.0,2.67
2025-06-04,32.3,26.2,28.1,84.0,20.94,11.5,10.9,4.32
2025-06-05,32.2,25.5,28.0,86.0,17.92,10.0,8.9,3.8
2025-06-06,32.4,24.4,27.5,86.0,19.57,13.8,10.4,4.05
2025-06-07,30.3,25.4,27.0,88.0,14.03,17.7,14.1,2.91
2025-06-08,30.1,25.1,27.0,88.0,15.68,22.3,11.6,3.23
2025-06-09,31.1,25.5,26.9,89.0,13.47,19.8,18.9,2.85
2025-06-10,30.5,25.4,26.8,90.0,14.88,10.4,17.1,3.07
2025-06-11,29.8,25.0,26.4,90.0,11.3,13.6,20.0,2.45
2025-06-12,30.1,24.7,26.7,87.0,11.89,3.1,21.4,2.75
2025-06-13,30.6,25.0,27.0,88.0,13.97,9.4,18.3,2.96
2025-06-14,31.7,25.2,27.5,88.0,17.65,9.4,10.7,3.67
2025-06-15,32.9,26.0,28.5,83.0,23.18,8.0,11.6,4.9
2025-06-16,32.7,25.8,28.0,86.0,20.61,12.4,7.3,4.33
2025-06-17,32.7,25.2,27.5,87.0,21.41,13.9,9.7,4.5
2025-06-18,32.3,24.7,27.1,88.0,20.21,13.6,12.5,4.16
2025-06-19,32.3,25.0,27.6,86.0,21.23,1.7,9.3,4.38
2025-06-20,32.0,24.6,27.2,88.0,19.36,17.0,10.5,4.07
2025-06-21,31.4,24.5,26.7,88.0,20.54,4.7,16.3,4.2
2025-06-22,30.6,24.8,26.5,87.0,17.21,16.0,15.5,3.53
2025-06-23,31.7,24.8,27.6,81.0,23.36,2.5,16.7,4.94
2025-06-24,31.4,24.7,27.2,86.0,18.45,7.7,14.9,3.83
2025-06-25,31.2,25.1,26.8,87.0,15.79,12.9,13.8,3.24
2025-06-26,29.4,24.6,26.0,91.0,14.51,23.9,15.1,2.89
2025-06-27,30.8,24.6,26.8,88.0,18.4,11.7,11.6,3.65
2025-06-28,30.9,25.0,27.0,87.0,18.95,17.0,14.7,3.81
2025-06-29,31.9,24.9,27.3,84.0,20.88,4.9,17.6,4.3
2025-06-30,32.3,24.8,27.9,80.0,22.54,0.7,15.2,4.86
2025-07-01,30.7,24.9,26.9,88.0,16.7,24.0,11.1,3.39
2025-07-02,30.9,24.3,26.6,88.0,17.5,8.0,13.9,3.57
2025-07-03,31.5,24.3,26.7,86.0,20.55,8.1,18.7,4.19
2025-07-04,32.0,24.2,27.4,84.0,22.8,6.1,13.6,4.69
2025-07-05,32.3,24.9,27.5,85.0,20.07,11.3,12.7,4.17
2025-07-06,31.1,25.8,27.6,85.0,18.19,9.5,13.1,3.82
2025-07-07,30.8,25.1,26.7,89.0,16.67,26.0,15.2,3.4
2025-07-08,30.9,24.8,27.1,87.0,20.34,13.8,17.6,4.12
2025-07-09,30.1,24.9,27.0,86.0,20.09,13.4,18.9,3.98
2025-07-10,31.9,24.6,27.4,86.0,21.16,10.1,16.1,4.33
2025-07-11,31.8,25.5,27.7,84.0,18.54,9.9,15.9,3.92
2025-07-12,31.9,25.2,27.3,88.0,18.54,19.1,15.3,3.76
2025-07-13,31.4,25.3,27.4,86.0,18.21,9.4,14.8,3.71
2025-07-14,31.1,24.9,27.2,88.0,18.68,20.5,18.7,3.74
2025-07-15,31.3,25.2,27.2,88.0,20.22,12.4,17.1,4.04
2025-07-16,30.6,24.9,26.7,89.0,18.6,10.3,18.1,3.7
2025-07-17,29.2,25.0,26.8,89.0,15.87,10.9,14.5,3.19
2025-07-18,29.6,25.1,26.5,87.0,15.06,7.4,16.5,3.05
2025-07-19,31.1,25.3,27.1,86.0,15.24,19.2,16.9,3.27
2025-07-20,29.4,25.4,27.1,85.0,17.09,7.8,22.3,3.59
2025-07-21,31.1,24.8,27.1,85.0,15.14,7.5,21.1,3.39
2025-07-22,32.2,25.3,28.3,78.0,21.57,1.5,22.7,4.89
2025-07-23,31.5,25.6,27.8,82.0,19.03,20.1,14.4,4.07
2025-07-24,32.9,25.9,28.8,77.0,19.17,0.5,17.1,4.4
2025-07-25,33.1,25.0,28.6,77.0,21.55,10.4,18.0,4.96
2025-07-26,32.9,25.4,28.1,83.0,13.41,0.4,15.9,3.25
2025-07-27,30.8,25.4,27.1,86.0,15.86,13.2,16.5,3.36
2025-07-28,29.7,24.9,27.1,87.0,18.15,4.4,19.4,3.69
2025-07-29,30.8,25.8,28.0,84.0,18.85,9.7,20.5,4.02
2025-07-30,32.1,26.0,28.7,80.0,20.87,0.5,17.3,4.72
2025-07-31,31.7,25.9,27.9,84.0,19.62,13.4,17.6,4.12
2025-08-01,32.2,25.7,28.5,83.0,20.62,1.1,13.8,4.43
2025-08-02,32.3,25.8,28.6,81.0,22.38,2.7,12.4,4.75
2025-08-03,33.0,25.9,28.5,83.0,23.21,2.7,17.5,4.83
2025-08-04,33.3,25.4,28.2,85.0,22.97,5.9,22.4,4.8
2025-08-05,33.1,25.5,28.1,83.0,23.2,7.2,17.6,4.93
2025-08-06,32.6,25.6,27.9,82.0,21.81,2.6,16.5,4.64
2025-08-07,33.1,25.4,28.6,79.0,23.48,0.5,9.7,4.99
2025-08-08,33.0,25.4,28.4,83.0,23.17,7.7,10.8,4.88
2025-08-09,32.0,24.0,27.5,85.0,19.58,27.0,17.8,4.08
2025-08-10,32.6,23.5,26.9,84.0,23.86,1.1,17.8,4.96
2025-08-11,31.5,24.6,26.7,86.0,18.72,20.3,16.0,3.88
2025-08-12,31.4,24.3,26.9,86.0,19.43,6.5,13.9,4.08
2025-08-13,30.8,24.6,26.8,86.0,18.09,11.0,17.5,3.67
2025-08-14,31.7,23.9,26.2,89.0,16.77,33.5,11.4,3.48
2025-08-15,30.5,24.1,26.2,89.0,15.9,17.1,14.5,3.24
2025-08-16,29.4,24.0,25.2,91.0,10.27,23.7,16.9,2.15
2025-08-17,29.6,23.7,25.8,89.0,15.72,16.6,17.8,3.18
2025-08-18,31.7,23.3,27.1,81.0,22.19,0.9,13.2,4.69
2025-08-19,31.3,24.7,27.7,83.0,22.78,5.5,14.0,4.69
2025-08-20,32.3,24.0,27.3,85.0,21.82,26.6,15.1,4.58
2025-08-21,28.0,23.2,24.8,92.0,8.86,40.8,11.6,1.93
2025-08-22,30.7,23.1,26.4,84.0,21.44,6.8,13.7,4.4
2025-08-23,30.9,24.1,26.7,87.0,18.89,17.8,17.8,3.76
2025-08-24,31.0,24.9,26.5,85.0,16.55,25.3,14.4,3.53
2025-08-25,28.3,24.9,26.1,89.0,13.71,12.1,19.5,2.8
2025-08-26,29.2,24.5,26.5,87.0,11.97,6.6,15.6,2.63
2025-08-27,30.5,24.3,26.4,87.0,14.68,12.8,14.2,3.02
2025-08-28,32.2,23.5,26.6,86.0,21.78,27.2,16.2,4.51
2025-08-29,31.7,23.4,26.3,88.0,19.73,34.6,16.3,4.04
2025-08-30,30.7,24.7,26.7,88.0,19.41,10.0,20.2,3.87
2025-08-31,31.7,24.6,26.9,88.0,19.43,19.6,15.1,3.95
2025-09-01,31.0,24.9,26.7,89.0,17.16,12.0,15.7,3.51
2025-09-02,30.3,24.4,25.9,92.0,13.66,50.3,14.8,2.76
2025-09-03,30.5,24.3,26.4,89.0,17.23,14.2,12.9,3.49
2025-09-04,31.3,24.3,26.8,88.0,20.01,9.3,15.5,4.02
2025-09-05,31.6,24.9,26.8,89.0,17.46,28.0,14.6,3.57
2025-09-06,31.8,23.8,26.7,87.0,17.32,29.8,10.6,3.63
2025-09-07,29.7,24.3,25.6,93.0,11.12,35.9,15.2,2.28
2025-09-08,31.5,24.6,26.6,89.0,18.69,13.3,14.0,3.78
2025-09-09,31.1,24.6,26.6,88.0,16.32,11.7,18.3,3.33
2025-09-10,31.7,24.1,27.1,88.0,22.19,3.5,8.9,4.55
2025-09-11,31.8,24.7,26.7,88.0,19.74,33.2,11.3,4.05
2025-09-12,31.1,23.9,26.6,87.0,19.28,14.7,16.5,3.95
2025-09-13,30.5,24.9,26.8,87.0,16.05,6.9,13.7,3.29
2025-09-14,30.0,24.6,26.2,89.0,15.47,18.7,7.5,3.16
2025-09-15,31.6,24.4,26.8,88.0,20.76,16.5,16.9,4.25
2025-09-16,30.4,24.4,26.5,87.0,16.97,7.2,16.2,3.45
2025-09-17,31.3,24.2,26.7,86.0,19.62,8.6,13.4,4.05
2025-09-18,31.4,24.4,26.7,88.0,19.37,27.7,17.4,3.94
2025-09-19,30.8,24.7,26.7,87.0,14.48,12.9,13.1,3.05
2025-09-20,32.6,24.6,27.7,81.0,22.12,1.4,12.6,4.68
2025-09-21,31.3,24.7,27.1,86.0,19.26,20.1,12.3,3.93
2025-09-22,27.0,23.9,25.4,91.0,6.72,18.3,15.2,1.56
2025-09-23,29.1,23.4,25.8,86.0,9.75,4.8,11.9,2.19
2025-09-24,31.1,24.7,27.1,85.0,19.12,3.9,22.0,4.02
2025-09-25,30.6,24.8,26.9,86.0,15.49,17.6,21.7,3.3
2025-09-26,29.5,24.7,26.2,90.0,9.6,21.0,15.7,2.16
2025-09-27,30.0,24.2,25.7,92.0,13.75,17.7,16.5,2.77
2025-09-28,30.7,24.0,26.0,90.0,15.16,13.7,20.2,3.11
2025-09-29,29.7,24.4,26.1,89.0,15.85,19.0,16.4,3.23
2025-09-30,29.7,24.2,26.3,88.0,15.91,6.4,12.5,3.21
2025-10-01,31.6,24.1,26.6,86.0,22.8,6.1,12.1,4.61
2025-10-02,31.3,24.0,27.4,82.0,22.63,0.3,8.4,4.71
2025-10-03,30.6,25.1,26.9,87.0,18.25,4.3,16.1,3.67
2025-10-04,32.3,24.6,27.7,82.0,21.77,7.6,12.1,4.54
2025-10-05,31.5,25.3,27.5,83.0,14.89,0.3,11.0,3.29
2025-10-06,32.5,24.7,27.6,82.0,22.46,1.8,12.2,4.65
2025-10-07,32.4,24.9,27.6,84.0,21.92,2.5,11.2,4.55
2025-10-08,32.0,23.6,26.7,87.0,20.84,12.4,13.2,4.3
2025-10-09,30.9,24.1,26.7,85.0,19.34,2.4,8.1,4.01
2025-10-10,30.0,24.1,26.6,87.0,16.14,5.7,9.7,3.31
2025-10-11,29.9,24.1,26.5,86.0,16.46,19.6,10.2,3.42
2025-10-12,31.1,24.5,26.6,87.0,17.58,10.8,13.0,3.62
2025-10-13,29.3,24.3,26.3,90.0,13.52,12.4,10.7,2.82
2025-10-14,31.2,24.4,26.9,86.0,19.84,16.8,8.8,4.08
2025-10-15,32.6,24.9,27.7,83.0,22.29,4.3,8.6,4.59
2025-10-16,32.4,24.6,27.6,85.0,21.06,1.3,15.9,4.33
2025-10-17,32.3,24.7,27.6,84.0,19.18,3.7,8.3,4.01
2025-10-18,32.1,24.6,26.8,88.0,18.37,17.0,19.2,3.74
2025-10-19,32.9,24.6,28.0,82.0,21.73,0.0,7.1,4.55
2025-10-20,33.2,24.9,28.0,83.0,21.45,7.3,12.4,4.55
2025-10-21,32.3,25.1,27.7,85.0,20.31,8.7,13.8,4.23
2025-10-22,31.7,24.4,27.1,88.0,18.55,15.1,15.1,3.83
2025-10-23,31.2,24.2,26.8,88.0,18.42,5.6,7.8,3.79
2025-10-24,31.6,25.2,27.1,87.0,18.84,27.6,7.6,3.91
2025-10-25,28.6,23.7,25.9,91.0,9.94,6.2,10.0,2.15
2025-10-26,30.3,23.7,26.6,86.0,15.92,10.1,7.8,3.34
2025-10-27,30.3,23.5,26.2,86.0,17.4,8.3,15.4,3.55
2025-10-28,29.5,24.3,25.7,91.0,10.86,25.7,7.3,2.26
2025-10-29,29.3,24.7,26.2,89.0,13.85,6.1,9.8,2.84
2025-10-30,28.1,24.6,26.2,91.0,8.67,9.5,12.6,1.82
2025-10-31,30.6,24.5,27.0,87.0,15.99,9.2,13.2,3.23
2025-11-01,30.5,24.6,26.3,91.0,15.38,24.0,10.9,3.1
2025-11-02,31.1,24.2,26.7,84.0,19.23,9.8,9.4,4.01
2025-11-03,29.1,24.1,26.3,88.0,13.32,12.0,10.4,2.71
2025-11-04,30.5,24.1,26.6,88.0,17.1,10.1,9.0,3.47
2025-11-05,30.0,24.1,26.2,89.0,13.08,8.0,5.7,2.69
2025-11-06,28.2,24.2,25.8,92.0,7.25,5.5,15.4,1.66
2025-11-07,31.1,24.3,26.3,89.0,15.68,9.0,13.8,3.24
2025-11-08,31.3,24.6,27.1,87.0,19.56,1.6,10.4,4.0
2025-11-09,31.2,24.2,27.0,87.0,18.76,13.4,4.8,3.87
2025-11-10,31.7,24.5,27.1,87.0,19.94,1.1,12.0,4.1
2025-11-11,31.4,23.5,26.8,85.0,17.21,8.6,12.7,3.63
2025-11-12,30.7,24.7,26.3,88.0,16.89,8.9,11.6,3.38
2025-11-13,31.5,23.7,26.6,87.0,19.01,9.3,11.6,3.91
2025-11-14,31.3,23.9,27.0,78.0,21.7,0.2,10.2,4.54
2025-11-15,31.2,20.9,26.1,72.0,21.45,0.0,8.5,4.48
2025-11-16,29.5,23.6,25.5,86.0,10.88,14.6,10.2,2.36
2025-11-17,28.1,23.3,25.5,91.0,8.42,14.6,8.5,1.82
2025-11-18,30.1,24.0,26.1,91.0,15.16,10.9,10.5,3.0
2025-11-19,31.1,23.2,25.4,90.0,14.37,38.2,14.7,2.92
2025-11-20,28.8,22.8,25.5,81.0,11.19,0.6,13.9,2.71
2025-11-21,29.8,23.3,25.8,80.0,13.03,0.3,9.6,2.99
2025-11-22,27.2,23.6,25.1,83.0,6.3,3.1,10.2,1.65
2025-11-23,30.9,23.5,26.0,86.0,15.61,2.2,12.4,3.25
2025-11-24,32.1,23.8,27.3,83.0,19.8,1.7,8.1,4.12
2025-11-25,31.7,23.6,26.9,75.0,20.4,0.0,14.7,4.65
2025-11-26,30.5,22.1,25.9,71.0,20.15,0.0,14.1,4.58
2025-11-27,30.2,22.0,25.5,69.0,20.22,0.0,16.4,4.75
2025-11-28,28.9,19.5,24.3,65.0,19.92,0.0,16.9,4.71
2025-11-29,30.5,20.9,25.5,74.0,20.47,0.0,10.5,4.32
2025-11-30,31.4,22.1,26.9,76.0,19.89,0.7,9.1,4.19
2025-12-01,33.0,24.2,28.3,74.0,20.01,0.1,8.6,4.4
2025-12-02,32.4,24.4,27.4,81.0,14.74,5.6,10.3,3.23
2025-12-03,30.8,23.8,26.0,89.0,14.17,44.4,12.4,2.94
2025-12-04,29.9,23.6,26.3,85.0,14.7,7.7,18.7,3.1
2025-12-05,30.7,23.5,26.9,83.0,19.77,0.8,6.5,4.03
2025-12-06,30.0,22.2,26.0,81.0,17.11,0.5,8.1,3.46
2025-12-07,30.5,21.2,25.8,78.0,20.51,0.7,9.0,4.18
2025-12-08,29.4,20.5,25.1,69.0,20.45,0.0,10.4,4.38
2025-12-09,30.3,21.7,25.9,71.0,19.39,0.0,12.5,4.32
2025-12-10,30.2,23.4,25.5,81.0,13.13,6.0,11.7,2.96
2025-12-11,31.3,22.6,26.3,82.0,13.35,2.8,15.5,3.1
2025-12-12,31.8,23.4,27.3,77.0,18.89,0.0,9.2,4.05
2025-12-13,31.7,23.5,27.0,84.0,18.2,22.7,19.4,3.8
2025-12-14,32.0,23.6,27.4,77.0,19.27,0.2,6.6,4.02
2025-12-15,32.4,23.8,27.7,72.0,18.76,0.0,6.7,4.04
2025-12-16,33.3,23.8,27.7,74.0,19.84,0.6,6.4,4.19
2025-12-17,33.1,23.5,27.5,76.0,18.95,0.5,13.1,4.09
2025-12-18,31.8,23.4,27.3,76.0,19.1,1.0,6.0,3.98
2025-12-19,33.4,23.2,27.8,71.0,19.9,0.5,11.3,4.29
2025-12-20,32.9,24.1,28.1,75.0,19.44,0.2,10.7,4.3
2025-12-21,34.1,24.1,28.2,72.0,19.64,0.3,16.2,4.27
2025-12-22,33.9,24.4,28.7,71.0,19.52,0.1,13.3,4.43
2025-12-23,34.1,24.8,28.5,72.0,19.11,0.2,10.9,4.25
2025-12-24,33.7,25.1,27.9,77.0,16.61,19.6,9.7,3.61
2025-12-25,31.0,24.3,26.6,87.0,13.93,34.4,17.6,2.82
2025-12-26,30.7,23.4,26.5,83.0,17.25,0.3,7.6,3.57
2025-12-27,29.8,22.6,25.7,83.0,15.75,1.1,12.8,3.2
2025-12-28,30.8,22.3,26.1,78.0,20.48,0.0,12.1,4.17
2025-12-29,31.2,23.0,26.2,76.0,21.05,0.0,9.4,4.33
2025-12-30,30.8,21.7,25.6,74.0,21.06,0.0,8.6,4.29
2025-12-31,31.1,21.3,25.6,72.0,20.15,0.0,12.5,4.3
2026-01-01,31.1,21.1,25.6,69.0,17.92,0.0,12.0,3.99
2026-01-02,31.7,21.3,26.1,63.0,20.68,0.0,12.6,4.69
2026-01-03,30.9,21.0,25.9,59.0,17.93,0.0,11.7,4.28
2026-01-04,32.7,20.5,26.3,58.0,21.15,0.0,13.9,4.72
2026-01-05,32.5,23.8,27.0,69.0,15.39,0.6,10.0,3.47
2026-01-06,30.6,23.6,25.7,83.0,13.26,17.3,10.2,2.77
2026-01-07,30.4,21.7,25.4,72.0,16.37,0.0,10.9,3.66
2026-01-08,29.5,20.2,24.4,66.0,19.93,0.0,11.7,4.25
2026-01-09,28.1,17.3,22.7,65.0,21.99,0.0,9.8,4.41
2026-01-10,29.3,18.0,23.9,65.0,20.26,0.0,10.6,4.22
2026-01-11,30.1,20.5,25.3,67.0,16.66,0.0,10.7,3.71
2026-01-12,31.7,23.1,26.8,68.0,16.86,0.0,11.6,3.76
2026-01-13,30.0,22.5,25.9,75.0,17.07,1.7,11.7,3.67
2026-01-14,31.0,22.1,26.0,73.0,18.5,0.1,13.7,3.97
2026-01-15,32.2,22.2,26.5,73.0,19.75,0.5,13.8,4.39
2026-01-16,32.2,22.3,26.4,72.0,19.26,0.0,13.6,4.2
2026-01-17,32.5,22.1,26.3,71.0,19.96,0.0,17.5,4.49
2026-01-18,31.6,22.2,26.2,72.0,20.14,0.2,16.9,4.49
2026-01-19,31.0,22.6,26.1,72.0,18.68,0.4,13.1,4.18
2026-01-20,31.5,22.7,26.5,67.0,19.76,0.3,14.7,4.55
2026-01-21,33.2,21.9,26.6,61.0,21.88,0.0,13.7,5.1
2026-01-22,32.6,21.6,26.9,59.0,20.46,0.0,10.6,4.57
2026-01-23,33.4,22.8,27.5,55.0,21.7,0.0,11.5,5.14
2026-01-24,31.4,22.4,26.7,64.0,18.87,0.1,13.1,4.29
2026-01-25,32.3,21.9,26.4,63.0,21.13,0.0,14.6,4.87
2026-01-26,32.5,21.9,26.4,65.0,21.22,0.0,15.7,4.88
2026-01-27,33.3,22.0,26.7,61.0,20.52,0.0,14.7,5.05
2026-01-28,33.5,21.8,26.8,63.0,22.09,0.0,17.3,4.95
2026-01-29,32.9,22.8,27.0,63.0,16.7,0.0,15.4,4.2
2026-01-30,33.1,22.3,26.9,65.0,17.59,0.0,16.9,4.32
2026-01-31,34.2,22.5,27.5,63.0,20.07,0.0,17.3,5.04
2026-02-01,33.5,22.2,27.3,58.0,22.82,0.0,9.9,5.16
2026-02-02,33.9,21.8,27.1,63.0,22.21,0.0,18.5,5.21
2026-02-03,33.8,24.7,28.5,59.0,19.27,1.0,9.8,4.77
2026-02-04,32.6,24.1,27.7,63.0,19.98,3.0,9.3,4.53
2026-02-05,32.3,24.0,27.2,73.0,18.49,1.2,12.5,4.19
2026-02-06,30.9,23.4,26.3,76.0,17.97,1.3,13.7,4.02
2026-02-07,33.0,23.2,26.8,72.0,19.33,0.1,16.4,4.44
2026-02-08,34.0,22.9,27.3,66.0,22.87,0.0,17.6,5.17
2026-02-09,33.9,22.0,27.7,59.0,23.21,0.0,12.3,5.23
2026-02-10,34.3,22.6,28.1,65.0,20.46,0.8,12.6,4.84
2026-02-11,30.2,24.5,26.4,79.0,14.39,2.9,10.8,3.21
2026-02-12,31.6,24.1,26.9,82.0,18.27,11.2,8.2,3.88
2026-02-13,32.4,23.7,27.3,75.0,19.91,0.9,11.9,4.47
2026-02-14,33.2,24.0,28.1,71.0,21.39,0.1,9.9,4.68
2026-02-15,33.7,23.8,28.5,68.0,20.61,0.1,13.1,4.9
2026-02-16,35.5,25.0,29.5,55.0,22.97,0.1,14.8,5.98
2026-02-17,35.4,25.4,29.7,52.0,23.24,0.0,15.1,6.34
2026-02-18,35.4,23.6,29.2,57.0,22.21,0.1,13.4,5.86
2026-02-19,34.7,24.6,29.6,56.0,23.13,0.0,10.1,5.42
2026-02-20,35.4,24.8,29.4,57.0,22.18,0.1,12.3,5.12
2026-02-21,34.2,24.2,28.4,64.0,22.24,0.1,16.8,5.24
2026-02-22,33.8,23.9,27.8,66.0,22.72,0.3,14.9,5.28
2026-02-23,34.1,24.4,28.4,64.0,22.44,0.4,15.8,5.49
2026-02-24,34.7,24.6,28.2,63.0,22.59,0.1,15.1,5.52
2026-02-25,34.0,24.4,28.1,67.0,20.32,0.0,14.2,5.05
2026-02-26,26.4,23.8,25.0,90.0,6.08,26.4,11.4,1.42
2026-02-27,29.9,23.8,25.7,87.0,14.94,12.4,10.7,3.05
2026-02-28,31.0,23.4,26.6,84.0,20.89,0.2,12.0,4.34
2026-03-01,32.1,24.2,27.5,80.0,22.91,0.0,11.8,4.88
2026-03-02,32.2,25.0,27.7,81.0,21.61,0.2,12.9,4.73
2026-03-03,32.1,25.1,27.9,80.0,21.81,0.1,10.7,4.63
2026-03-04,32.0,24.8,27.7,81.0,18.94,1.0,13.3,4.21
2026-03-05,32.5,24.3,27.3,79.0,22.68,4.8,11.1,4.84
2026-03-06,30.8,23.3,25.7,86.0,19.75,6.0,14.4,4.04
2026-03-07,31.2,23.2,26.1,85.0,21.83,7.7,6.8,4.47
2026-03-08,31.3,23.3,26.7,77.0,24.06,0.4,11.3,5.02
2026-03-09,31.6,23.6,26.8,81.0,23.09,1.5,13.2,4.82
2026-03-10,32.1,24.0,27.2,80.0,22.0,1.0,9.1,4.67
2026-03-11,32.5,23.5,27.5,74.0,23.45,0.2,13.7,5.1
2026-03-12,33.5,24.6,27.8,68.0,23.34,0.1,15.9,5.34
2026-03-13,33.8,23.6,28.0,63.0,23.5,0.2,12.2,5.19
2026-03-14,32.0,24.6,27.3,74.0,19.0,1.7,8.5,4.09
2026-03-15,32.8,23.2,27.4,71.0,23.08,1.5,13.2,4.98
2026-03-16,32.9,23.5,27.9,65.0,23.45,0.4,13.2,5.3
2026-03-17,34.0,23.7,27.7,65.0,23.89,0.0,18.0,5.77
2026-03-18,34.3,23.6,27.8,63.0,24.16,0.0,17.2,5.95
2026-03-19,33.0,23.8,27.6,67.0,22.82,0.2,18.3,5.48
2026-03-20,32.6,24.1,27.6,69.0,22.97,0.7,14.0,5.48
2026-03-21,34.6,23.8,28.0,69.0,23.53,0.1,17.5,5.73
2026-03-22,35.0,24.5,28.6,62.0,24.45,0.0,18.0,6.37
2026-03-23,35.0,24.3,28.6,62.0,23.8,0.0,16.4,6.08
2026-03-24,34.2,23.7,28.0,67.0,23.95,0.0,16.3,5.99
2026-03-25,36.0,23.7,28.5,67.0,24.93,0.0,19.9,6.24
2026-03-26,34.7,24.4,28.4,67.0,21.93,0.0,16.1,5.57
2026-03-27,34.1,23.8,28.0,67.0,22.24,0.0,15.0,5.64
2026-03-28,34.6,23.2,28.0,70.0,25.46,0.0,18.1,6.15
2026-03-29,35.1,24.1,28.9,69.0,24.61,0.0,15.5,6.08
2026-03-30,34.8,24.4,28.7,71.0,23.72,0.0,15.8,5.72
2026-03-31,35.8,24.2,28.9,67.0,25.12,0.1,16.5,6.08
2026-04-01,35.1,24.4,28.7,70.0,24.72,0.0,18.1,6.0
2026-04-02,36.1,25.2,29.2,66.0,24.23,0.0,20.9,6.23
2026-04-03,35.3,24.7,29.0,62.0,25.53,0.0,17.6,6.46
2026-04-04,36.3,24.1,29.3,66.0,25.14,0.0,16.0,6.01
2026-04-05,36.7,25.2,29.7,69.0,23.88,0.2,15.8,5.87
2026-04-06,36.6,25.1,29.7,69.0,24.75,0.0,16.9,6.18
2026-04-07,37.6,25.7,30.6,64.0,25.26,0.0,13.3,6.16
2026-04-08,36.9,26.7,30.5,70.0,23.29,0.1,17.9,5.84
2026-04-09,35.2,26.1,29.6,69.0,24.5,0.0,15.8,6.15
2026-04-10,36.2,25.4,29.8,68.0,21.94,0.1,16.5,5.39
2026-04-11,36.5,26.4,30.3,66.0,23.28,0.1,16.7,5.75
2026-04-12,35.6,26.1,29.8,70.0,23.7,0.3,18.5,5.77
2026-04-13,34.2,26.3,29.6,72.0,23.23,0.7,13.9,5.59
2026-04-14,34.7,26.4,29.6,71.0,22.26,0.4,12.6,5.41
2026-04-15,34.4,26.4,29.5,69.0,21.51,1.1,15.3,5.34
2026-04-16,35.9,26.3,30.4,65.0,21.38,0.0,15.1,5.56
2026-04-17,35.6,26.9,30.6,62.0,23.79,0.0,17.1,6.17
2026-04-18,35.1,26.2,30.2,62.0,23.08,0.3,16.0,5.98
2026-04-19,34.0,26.4,29.7,65.0,20.93,0.7,14.7,5.61
2026-04-20,33.5,26.6,29.7,59.0,22.78,0.6,14.6,6.08
2026-04-21,34.7,26.0,29.7,58.0,23.25,0.0,16.8,6.32
2026-04-22,34.9,25.9,29.5,62.0,20.73,0.2,14.6,5.55
2026-04-23,35.0,25.8,29.7,64.0,21.81,0.0,18.0,5.78
2026-04-24,35.8,25.5,29.9,63.0,25.44,0.0,16.1,6.39
2026-04-25,36.2,26.9,30.7,64.0,20.3,0.2,13.6,5.62
2026-04-26,37.0,26.9,30.8,61.0,24.4,1.3,13.3,6.28
2026-04-27,36.6,26.4,30.9,63.0,25.0,0.0,14.3,6.54
2026-04-28,37.2,27.3,31.0,66.0,23.96,0.0,15.8,6.2
2026-04-29,36.4,26.7,31.2,63.0,23.72,0.3,10.9,5.91
2026-04-30,37.0,27.6,31.6,62.0,23.77,0.2,15.6,6.49
2026-05-01,39.1,27.9,31.7,56.0,24.71,0.0,20.7,6.92
2026-05-02,36.1,27.7,30.5,66.0,19.86,2.0,17.0,5.18
2026-05-03,34.2,27.0,30.0,72.0,21.79,0.3,13.7,5.25
2026-05-04,35.2,24.8,30.0,71.0,22.44,4.7,14.3,5.52
2026-05-05,35.3,26.8,29.9,69.0,20.18,13.3,10.2,4.91
2026-05-06,34.8,26.4,29.6,73.0,18.58,3.3,14.9,4.51
2026-05-07,36.1,26.9,30.8,67.0,24.87,0.0,15.0,6.26
2026-05-08,34.8,27.4,30.6,64.0,21.19,4.9,11.7,5.4
2026-05-09,37.4,27.2,31.2,61.0,24.3,0.6,16.4,6.23
2026-05-10,38.7,28.1,32.0,58.0,22.38,2.0,15.7,6.21
2026-05-11,38.0,25.9,31.4,62.0,24.25,0.3,19.0,6.72
2026-05-12,37.5,28.3,31.6,61.0,24.06,0.1,15.3,6.62
2026-05-13,36.5,27.4,31.3,67.0,24.56,0.6,14.4,6.17
2026-05-14,37.2,27.9,32.0,63.0,23.14,1.2,15.5,5.91
2026-05-15,36.9,28.2,31.9,65.0,23.05,4.5,11.2,5.54
2026-05-16,36.4,25.7,30.5,74.0,19.93,17.6,9.8,4.67
2026-05-17,36.3,26.5,29.5,79.0,22.74,12.5,12.9,5.02
2026-05-18,35.3,26.3,29.5,78.0,20.6,3.7,13.7,4.76
2026-05-19,33.1,27.1,29.2,80.0,18.52,7.2,12.9,4.17
2026-05-20,33.5,27.5,29.5,79.0,20.46,1.5,15.2,4.73
2026-05-21,31.3,25.6,28.6,83.0,19.45,12.5,11.7,4.14
2026-05-22,33.9,27.0,29.8,77.0,23.71,1.5,10.6,5.22
2026-05-23,34.7,26.8,30.3,74.0,24.87,0.3,10.0,5.56
2026-05-24,34.8,27.5,30.2,76.0,23.14,1.2,7.3,5.17
2026-05-25,35.6,27.2,30.5,74.0,24.31,0.6,13.5,5.53
2026-05-26,34.7,27.1,30.1,74.0,21.83,4.0,12.2,4.99
2026-05-27,33.7,27.5,30.5,73.0,17.82,0.9,14.1,4.28
2026-05-28,32.9,25.1,28.9,82.0,14.17,11.9,11.9,3.23
2026-05-29,27.2,24.7,26.1,91.0,6.47,19.6,7.9,1.48
2026-05-30,30.3,25.5,27.3,82.0,10.75,2.7,12.0,2.56
2026-05-31,29.2,24.3,26.1,88.0,9.23,8.3,9.7,2.07
2026-06-01,29.7,24.9,27.2,83.0,12.05,1.5,7.7,2.61
2026-06-02,30.8,24.7,27.1,87.0,12.95,6.0,7.5,2.83
2026-06-03,30.2,24.3,26.8,89.0,15.39,12.5,16.1,3.17
2026-06-04,32.3,25.5,27.7,86.0,16.64,9.2,16.9,3.55
2026-06-05,32.1,25.8,28.9,80.0,19.61,2.5,13.2,4.36
2026-06-06,33.9,26.5,29.0,82.0,22.71,5.0,13.1,4.95
2026-06-07,34.1,26.5,29.4,78.0,24.27,0.8,13.9,5.42
2026-06-08,33.1,26.5,28.5,85.0,20.97,6.8,14.3,4.39
2026-06-09,33.3,25.3,28.5,84.0,20.96,9.0,13.9,4.47
2026-06-10,32.1,25.4,28.2,86.0,19.5,5.5,13.8,4.03
2026-06-11,33.8,23.9,28.0,85.0,21.86,16.4,18.7,4.63
2026-06-12,32.5,25.7,28.1,86.0,21.01,4.6,5.2,4.41
2026-06-13,33.6,25.1,28.5,84.0,23.77,13.2,12.0,5.02
2026-06-14,31.0,25.7,27.9,86.0,22.05,7.5,11.6,4.43
2026-06-15,32.5,25.4,28.4,82.0,22.6,2.8,16.3,4.79
2026-06-16,33.1,26.0,28.5,84.0,21.84,7.1,10.7,4.6
2026-06-17,33.5,25.7,28.7,83.0,23.1,4.7,10.1,4.93
2026-06-18,33.1,25.5,28.4,82.0,22.59,2.2,7.6,4.84
2026-06-19,33.3,25.2,28.7,79.0,22.89,0.9,11.8,4.95
2026-06-20,34.0,26.1,29.1,80.0,23.35,0.9,13.0,5.06
2026-06-21,33.8,26.2,29.5,77.0,24.31,4.0,12.4,5.27
2026-06-22,34.1,25.8,29.9,77.0,24.33,0.5,9.4,5.33
2026-06-23,32.2,25.0,28.4,85.0,19.16,10.9,10.1,4.03
2026-06-24,34.2,25.8,29.4,80.0,22.9,3.4,15.8,5.06
2026-06-25,33.4,25.8,28.2,84.0,17.79,8.0,19.3,3.93
2026-06-26,32.6,25.5,28.7,81.0,22.82,2.8,11.9,4.93
2026-06-27,33.3,25.9,29.1,78.0,21.61,0.8,14.1,4.91
2026-06-28,32.3,26.3,27.8,87.0,16.79,24.1,11.4,3.51
2026-06-29,32.6,26.3,28.0,87.0,17.59,18.6,17.6,3.69
2026-06-30,32.6,25.0,27.9,86.0,20.29,16.6,12.1,4.28
2026-07-01,32.7,26.1,28.9,79.0,22.08,3.8,14.7,5.0
2026-07-02,30.7,24.3,27.0,88.0,13.72,21.9,12.8,2.99
2026-07-03,29.4,25.0,26.8,89.0,7.33,6.4,12.1,1.87
2026-07-04,29.7,24.8,26.3,90.0,10.19,17.0,13.9,2.22
2026-07-05,31.1,25.1,27.4,84.0,14.15,0.5,11.0,3.09
2026-07-06,30.5,25.6,27.7,87.0,11.97,1.1,10.8,2.65
2026-07-07,31.2,25.4,27.6,86.0,17.7,11.2,11.4,3.72
2026-07-08,30.7,24.2,27.1,87.0,19.29,13.1,19.3,3.99
2026-07-09,33.0,25.6,28.8,78.0,22.76,1.0,18.5,5.18
2026-07-10,33.3,26.1,29.2,76.0,23.09,1.1,18.8,5.38
2026-07-11,32.7,26.5,29.2,75.0,22.44,4.8,22.3,5.33
2026-07-12,30.4,26.3,27.7,82.0,16.74,9.2,21.9,3.84
2026-07-13,31.3,25.2,27.2,84.0,13.44,16.3,17.8,3.07
2026-07-14,31.8,25.0,28.0,81.0,22.77,2.4,20.4,4.93
2026-07-15,31.4,25.2,27.2,88.0,17.97,22.9,16.9,3.71
2026-07-16,32.6,24.1,27.6,83.0,21.11,7.1,13.9,4.53
2026-07-17,32.1,25.1,28.0,81.0,20.11,6.2,15.5,4.38
2026-07-18,32.4,25.8,28.0,83.0,21.4,3.2,13.0,4.51
2026-07-19,32.7,25.3,28.5,81.0,23.69,1.3,12.2,5.05
2026-07-20,33.9,25.5,29.2,74.0,25.5,0.1,11.7,5.74
2026-07-21,33.8,25.1,29.0,73.0,24.94,0.0,11.4,5.61
2026-07-22,33.1,25.2,29.2,74.0,24.72,0.2,11.5,5.5
2026-07-23,33.4,25.1,28.6,79.0,23.9,11.0,13.8,5.28
2026-07-24,32.6,24.8,27.3,87.0,22.67,13.4,11.2,4.58
2026-07-25,30.0,24.5,26.5,90.0,15.35,18.3,16.0,3.05
2026-07-26,30.0,24.9,26.4,91.0,12.38,19.7,14.0,2.54
2026-07-27,32.0,24.7,28.0,79.0,21.29,0.5,18.4,4.81
2026-07-28,29.3,24.6,26.3,90.0,15.4,19.5,14.6,3.13
2026-07-29,31.0,24.3,26.8,88.0,20.88,10.4,10.6,4.23
2026-07-30,31.0,24.2,27.4,84.0,19.3,3.0,11.4,4.14
2026-07-31,30.1,24.8,26.8,89.0,17.82,5.6,14.3,3.54
2026-08-01,31.8,25.0,27.7,84.0,20.41,3.7,11.8,4.25
2026-08-02,33.1,25.4,28.6,79.0,23.54,3.3,11.0,5.1
2026-08-03,33.7,25.7,29.1,79.0,25.02,1.9,12.1,5.44
2026-08-04,33.2,25.7,28.8,80.0,23.53,3.5,13.0,5.14
2026-08-05,31.2,24.2,27.5,87.0,16.74,7.0,14.1,3.5
2026-08-06,31.5,25.7,27.4,87.0,15.24,20.5,15.1,3.19
2026-08-07,31.9,25.6,27.7,84.0,19.05,7.3,18.7,4.0
2026-08-08,32.5,25.9,28.3,81.0,21.44,4.7,18.2,4.67
2026-08-09,30.5,25.0,27.1,86.0,15.27,12.0,16.4,3.37
2026-08-10,29.5,24.7,26.9,87.0,12.04,2.9,14.8,2.75
2026-08-11,30.8,24.8,27.1,85.0,17.37,18.4,17.1,3.75
2026-08-12,32.7,26.1,28.8,78.0,21.81,2.5,18.8,4.94
2026-08-13,33.0,25.4,29.1,73.0,24.61,1.0,19.8,5.76
2026-08-14,32.6,25.8,28.2,82.0,21.43,9.9,18.2,4.76
2026-08-15,30.8,25.9,27.8,81.0,15.62,4.2,19.0,3.71
2026-08-16,31.8,25.6,27.7,83.0,17.98,4.0,19.1,4.0
2026-08-17,31.6,25.9,27.9,84.0,17.89,3.2,14.5,3.98
2026-08-18,29.7,24.8,27.0,88.0,15.51,20.8,21.2,3.2
2026-08-19,30.2,25.2,27.0,86.0,12.65,12.4,18.8,2.91
2026-08-20,31.8,25.9,28.4,75.0,18.67,0.7,22.0,4.72
2026-08-21,32.0,25.2,28.5,76.0,23.81,1.5,18.1,5.38
2026-08-22,33.0,24.8,28.7,74.0,24.27,0.4,16.8,5.63
2026-08-23,30.7,25.4,27.8,84.0,21.29,6.8,19.0,4.44
2026-08-24,33.1,25.8,28.5,79.0,22.62,5.3,21.7,5.18
2026-08-25,32.8,25.8,28.8,73.0,24.17,0.9,22.6,5.84
2026-08-26,32.7,25.9,28.2,78.0,22.88,6.0,18.4,5.15
2026-08-27,32.1,25.0,28.3,78.0,23.05,7.1,23.0,5.18
2026-08-28,30.9,25.5,27.4,82.0,16.74,6.0,16.6,3.77
2026-08-29,31.6,25.4,27.0,86.0,16.32,17.7,20.8,3.45
2026-08-30,31.5,24.5,27.0,87.0,16.02,14.1,15.5,3.44
2026-08-31,30.6,25.7,27.6,84.0,14.48,1.8,14.5,3.33
2026-09-01,31.6,25.6,28.2,79.0,18.01,1.1,19.6,4.17
2026-09-02,32.4,25.9,28.6,76.0,16.03,0.3,15.5,4.06
2026-09-03,33.0,25.6,28.5,78.0,21.48,4.5,17.3,4.93
2026-09-04,32.5,25.5,27.8,85.0,20.75,15.7,17.6,4.39
2026-09-05,32.7,25.5,27.9,84.0,21.18,3.9,15.4,4.48
2026-09-06,32.3,25.3,27.7,86.0,20.98,6.8,19.3,4.26
2026-09-07,33.0,25.7,28.6,82.0,23.42,1.1,13.2,5.0
2026-09-08,33.0,25.7,28.5,82.0,22.89,5.4,16.1,4.93
2026-09-09,31.4,25.1,27.2,87.0,17.61,23.5,16.4,3.62
2026-09-10,30.9,24.2,26.2,89.0,13.83,31.8,11.5,2.93
2026-09-11,27.7,24.3,25.9,89.0,10.92,10.2,9.8,2.33
2026-09-12,31.0,24.5,26.4,88.0,16.3,12.7,16.1,3.34
2026-09-13,31.6,24.9,26.9,88.0,21.63,18.1,13.2,4.3
2026-09-14,30.3,25.7,27.5,85.0,16.4,1.5,8.5,3.42
2026-09-15,31.4,25.4,27.5,86.0,21.29,3.2,9.0,4.39
2026-09-16,32.6,25.2,28.3,82.0,23.71,1.0,10.5,5.0
2026-09-17,33.0,25.4,28.1,84.0,22.8,3.9,14.4,4.82
2026-09-18,31.6,25.1,27.4,86.0,21.24,23.7,9.3,4.37
2026-09-19,31.8,25.4,27.4,88.0,21.17,5.1,11.3,4.37
2026-09-20,30.2,24.8,26.9,89.0,14.59,13.2,6.9,3.04
2026-09-21,31.1,24.7,26.9,89.0,18.15,25.4,12.4,3.66
2026-09-22,30.4,24.7,26.4,90.0,17.38,38.8,9.8,3.53
2026-09-23,29.0,24.8,25.8,92.0,10.41,30.0,10.3,2.15
2026-09-24,30.5,24.5,26.2,89.0,15.87,16.6,17.0,3.18
2026-09-25,30.2,24.3,26.6,89.0,16.55,21.3,14.5,3.41
2026-09-26,31.3,25.2,26.9,88.0,17.0,6.7,15.3,3.45
2026-09-27,32.2,25.2,27.5,85.0,22.53,8.3,16.4,4.61
2026-09-28,32.7,25.2,27.9,85.0,22.76,8.3,10.8,4.73
2026-09-29,32.9,25.1,28.2,83.0,23.79,1.4,10.4,5.04
2026-09-30,32.6,25.3,27.5,86.0,22.91,6.3,8.9,4.74
2026-10-01,33.0,24.7,27.5,86.0,23.19,13.3,11.9,4.81
2026-10-02,31.7,25.8,27.8,85.0,19.52,5.1,10.9,4.04
